word,frequency
ও,2280
করা,1156
হয়,1012
বলেন,991
থেকে,989
করে,975
এ,969
হয়েছে,967
তিনি,776
না,746
এবং,702
হবে,682
একটি,602
এই,591
করেন,553
সঙ্গে,522
জন্য,520
তাঁর,452
নিয়ে,452
হাজার,449
এর,441
করতে,434
এক,380
মধ্যে,378
দেওয়া,375
কোনো,363
পর,354
সময়,332
বিভিন্ন,322
বলে,322
প্রথম,311
টাকা,308
আরও,308
বা,301
কথা,296
তবে,294
নতুন,292
তথ্য,280
ছিল,278
আজ,278
করার,273
হিসেবে,271
বেশি,263
সালের,262
হচ্ছে,258
মো,257
যায়,256
ঢাকা,255
রয়েছে,248
দেন,248
তাঁদের,241
বাংলাদেশ,240
গত,238
তৈরি,234
হয়ে,232
ওই,228
সরকারের,227
দেশের,223
সরকার,222
বলা,221
প্রায়,219
তা,218
এসব,216
বাংলাদেশের,215
দিয়ে,213
জানান,212
পর্যন্ত,211
দুই,211
ছিলেন,208
পারে,199
বছর,198
বিষয়ে,198
কাজ,197
রহমান,196
নয়,194
মাধ্যমে,193
শুরু,192
শতাংশ,191
আছে,190
আগস্ট,186
একই,186
জুলাই,186
জাতীয়,185
তাঁকে,184
দায়িত্ব,182
দেখা,182
ইসলাম,179
বড়,178
দেশে,177
প্রধান,177
করেছেন,174
আর,173
জন,172
কোটি,170
গেছে,168
নেওয়া,168
পুলিশ,166
হলে,166
পরে,164
ওপর,163
করেছে,162
এমন,161
উল্লেখ,161
সরকারি,159
অধ্যাপক,159
বিরুদ্ধে,158
সব,157
সেই,157
আগে,157
সালে,156
পাশাপাশি,155
ক্ষেত্রে,155
সুযোগ,153
সরবরাহ,153
আলোকে,151
বছরের,150
ব্যবহার,150
কিন্তু,148
অনুযায়ী,147
কাছে,146
আমরা,146
পাওয়া,145
ধরনের,145
তাঁরা,145
যে,145
হাসপাতালে,145
এখন,144
বিভাগের,143
তিন,143
ধরে,142
লাখ,142
হতে,141
নিশ্চিত,139
সাবেক,138
অভিযোগ,137
কিছু,136
কর্মকর্তা,135
মতো,133
গ্যাস,132
উৎপাদন,132
দেওয়ার,130
বিশ্ববিদ্যালয়ের,129
দিন,129
শুধু,128
প্রধানমন্ত্রী,128
নেই,127
দিতে,127
এতে,126
কারণে,125
মামলায়,124
এটি,122
হওয়ার,121
বিশেষ,120
দিকে,120
এলাকায়,118
অংশ,118
হয়েছিল,117
তুলে,116
দাবি,116
থাকা,116
একজন,115
ছাড়া,115
বিদ্যুৎ,115
দুটি,115
বন্ধ,115
অতিরিক্ত,114
যুক্ত,114
আইন,113
সচিব,112
ব্যবস্থা,112
মূল,111
তাদের,111
এরপর,110
আমাদের,109
ফলে,106
কর্মী,106
বেতন,106
সময়ে,105
জ্বালানি,105
ঢাকার,104
শেখ,103
তখন,103
শেষ,102
সে,102
সেখানে,102
রাষ্ট্রপতি,102
স্থানীয়,102
আন্তর্জাতিক,101
অনেক,100
মন্ত্রণালয়ের,100
প্রয়োজন,100
তার,100
বিষয়টি,99
গুরুত্বপূর্ণ,98
রাখা,97
সড়ক,97
অন্য,97
স্বাস্থ্য,97
মানুষের,96
রাজধানীর,96
সংশ্লিষ্ট,96
সদস্য,96
গিয়ে,96
মনে,94
ছবি,94
এলএনজি,94
গতকাল,94
আওয়ামী,93
এম,93
সংবাদ,93
করছে,93
মোট,93
কেউ,93
হয়নি,93
মামলার,92
আবার,91
মোহাম্মদ,90
গাড়ি,90
বর্তমান,89
হলো,89
আদালত,89
ঘটনা,89
সাধারণ,89
প্রতিমন্ত্রী,89
নিতে,88
আইনজীবী,88
খান,87
মামলা,87
সামাজিক,87
সেপ্টেম্বর,87
নেওয়ার,86
আলী,86
প্রকাশ,86
ব্যয়,86
পরিকল্পনা,85
হোসেন,84
সংসদ,84
তদন্ত,84
কার্যক্রম,83
গ্যাসের,83
জানতে,83
দক্ষিণ,83
নাম,82
কি,82
আমার,82
অনুষ্ঠানে,81
সিদ্ধান্ত,81
প্রতি,81
হত্যা,81
তারা,79
কারণ,79
আলোচনা,79
সামনে,78
যাবে,78
কম,78
শিক্ষার্থীদের,77
থাকে,77
জানিয়েছেন,77
ঘটনায়,77
উদ্যোগ,76
তাই,76
সিটি,76
হন,76
জানানো,75
করছেন,75
দশমিক,75
নামে,74
প্রধানমন্ত্রীর,74
ঘোষণা,74
উপস্থিত,73
কার্যকর,73
চুক্তি,73
নিয়মিত,73
চেষ্টা,72
গড়ে,72
বক্তব্য,72
নম্বর,71
পাঁচ,70
পরিবারের,70
সম্ভব,70
মঙ্গলবার,70
দাম,70
যাচ্ছে,69
আহমেদ,69
মাসে,69
বলছে,69
চৌধুরী,68
দিয়েছেন,68
বিশ্ববিদ্যালয়,68
আমি,68
জানিয়েছে,68
মাস,68
শেষে,68
পরিচালক,68
বাংলাদেশে,68
অর্থ,67
আদেশ,67
সারা,67
হক,67
জেনারেল,67
প্রকল্পের,67
নারী,67
বৃহস্পতিবার,66
চেয়ে,66
আবেদন,66
কী,66
পুলিশের,66
করবে,66
রাজনৈতিক,66
আসামি,66
হাসান,65
বলেছেন,65
প্রস্তাব,65
গ্রেপ্তার,65
হয়েছেন,65
আগামী,64
সংকট,64
লীগ,64
যান,64
টাকার,64
সবচেয়ে,64
আইনের,64
অব,63
মা,63
উদ্দিন,63
তিনটি,63
তারেক,63
গণ,63
শিশু,62
পরিস্থিতি,62
প্রশ্নের,62
অ্যান্ড,62
মানুষ,62
সম্পাদক,62
সেবা,62
ছড়িয়ে,62
ব্যক্তি,61
উদ্ধার,61
থাকবে,61
প্রতিবেদন,61
প্রশ্ন,61
হতো,61
বলছেন,61
নিজের,60
যাওয়ার,60
হওয়া,60
সর্বোচ্চ,60
পড়ে,60
বিষয়,60
পালন,60
সোমবার,60
রায়,60
বাইরে,59
গুরুত্ব,59
দিনের,59
দেয়,59
প্রকল্প,59
মেডিকেল,59
বছরে,58
প্রতিষ্ঠান,58
জানা,58
জরুরি,58
উপদেষ্টা,58
ঘটনার,58
আছেন,58
এখনো,58
নিরাপত্তা,57
ভালো,57
বিচার,57
ছাত্র,57
কাছ,57
অন্যান্য,57
বিভাগ,56
প্রয়োজনীয়,56
নির্দেশ,56
যা,56
দ্রুত,56
সরাসরি,56
বিচারপতি,56
রহমানের,56
অপরাধ,56
আওতায়,56
ধরা,55
ভূমিকা,55
থানার,55
আহ্বান,55
সকালে,55
আদালতে,55
মন্ত্রণালয়,55
রাষ্ট্রপতির,55
যেতে,55
জামিন,55
ভর্তি,55
নিহত,55
ভাতা,55
পরিবর্তন,54
কলেজ,54
চলতি,54
মন্ত্রী,54
সমস্যা,54
যদি,54
সেটি,54
থেকেই,54
সংস্থার,54
অবস্থায়,54
পান,53
রোববার,53
চলছে,53
যাওয়া,53
আসে,53
বেড়েছে,53
শিক্ষা,53
বেসরকারি,53
সভাপতি,53
হলেও,53
শুনানি,53
পাঠানো,53
হাতে,52
শিক্ষক,52
বর্তমানে,52
ডেঙ্গু,52
চালু,52
পারেন,52
আপিল,52
সাড়ে,52
এটা,52
ধাপে,52
চেয়ারম্যান,51
আগের,51
সভায়,51
দিয়েছে,51
এবার,51
কীভাবে,51
মশা,51
আবদুল,51
নিয়োগ,51
গবেষণা,51
কবির,51
পাঠানোর,51
পদে,51
চাপ,51
মির্জা,51
আলম,50
জবাবে,50
উন্নয়ন,50
সংখ্যা,50
পানি,50
নেন,50
চার,50
ছোট,50
পরিবেশ,50
খরচ,50
অভিযোগে,50
এজেন্সির,50
আয়োজন,49
নানা,49
থাকায়,49
বলেও,49
একাধিক,49
বুধবার,49
নির্বাহী,49
আনা,49
খাতে,48
ব্যবহারের,48
পর্যায়ে,48
জেলা,48
পুরো,47
শিক্ষার্থী,47
নির্ধারিত,47
সময়ের,47
কয়েকটি,47
উত্তর,47
অনুষ্ঠিত,47
ভিডিও,47
সক্ষমতা,47
দিনে,46
প্রজ্ঞাপনে,46
নামের,46
প্রতিষ্ঠানের,46
একটা,46
গ্রহণ,46
কমিটি,46
শনাক্ত,46
প্রকাশিত,46
থানায়,46
ডিজিটাল,46
নেপালের,46
সূত্র,46
নজরুল,46
বাড়ানোর,46
লক্ষ্য,45
সম্মেলনে,45
সম্পর্কে,45
থাকতে,45
জনগণের,45
যায়নি,45
পক্ষ,45
পণ্য,45
কর,44
চান,44
আমদানি,44
মেগাওয়াট,44
তৈরির,44
যোগ,44
পক্ষে,44
অবস্থান,44
আক্রান্ত,44
রাত,44
ডাকসু,44
ইলিশ,44
ভিডিওটি,44
ঘনফুট,44
সম্পদ,43
সংস্থা,43
কমে,43
করপোরেশনের,43
ভারতের,43
সুবিধা,43
বিজ্ঞপ্তিতে,43
কোথাও,43
প্রভাব,43
চিফ,43
আল,43
পারবেন,43
অনুমোদন,43
আন্দোলন,43
আয়োজিত,42
কে,42
নির্দেশনা,42
করি,42
দেশ,42
মন্তব্য,42
ভিত্তিতে,42
এসেছে,42
হাসপাতালের,42
অধিকার,42
নির্বাচন,42
পরবর্তী,42
পাওয়ার,42
এসে,42
মাত্র,42
অর্থাৎ,42
কিলোমিটার,42
দীর্ঘ,41
পেয়েছেন,41
যাতে,41
থাকার,41
অভিযান,41
জানিয়ে,41
দরকার,41
নেতা,41
নাগরিক,41
বিএনপির,41
পররাষ্ট্র,41
গুম,41
ছয়,41
সালমান,41
সাত,41
মৃত্যু,41
যুক্তরাষ্ট্রের,40
বাংলাদেশি,40
বাবা,40
দুর্নীতি,40
কমিশনের,40
প্রসিকিউটর,40
গেছেন,40
কাজে,40
চাহিদা,40
রেখে,40
তাহলে,40
মশার,40
কেন,40
করেছিলেন,40
প্রতিবেদনে,40
আলো,40
এলাকার,40
হাইকোর্ট,40
কমিটির,40
অধিদপ্তরের,40
শুক্রবার,40
বেলা,40
ব্যক্তিদের,40
মতে,40
ফখরুল,40
বিবেচনায়,40
কয়েক,40
পরীক্ষা,40
রাতে,39
দেখে,39
পরিচয়,39
রাখতে,39
কর্মকর্তারা,39
প্রশাসন,39
লেখা,39
সহায়তা,39
ডাকসুর,39
বিক্রি,39
সুরক্ষা,39
নিজ,38
আইনশৃঙ্খলা,38
করলে,38
কর্মকর্তাদের,38
পরামর্শ,38
হওয়ায়,38
নিয়ন্ত্রণ,38
ঝুঁকি,38
থাকলে,38
রাখার,38
কেন্দ্রীয়,38
চুক্তির,38
চাইলে,38
বিভাগে,38
ছেলে,38
সহকারী,38
সাংবিধানিক,38
পাশে,38
বাড়ি,38
মাহমুদ,38
দ্বিতীয়,38
তৎকালীন,38
যেন,37
জমা,37
জারি,37
পরিমাণ,37
প্রাথমিক,37
বাজারে,37
থাকলেও,37
ধারণা,37
আর্থিক,37
জনের,37
বেড়ে,37
এত,37
গুরুতর,37
ঢাকায়,37
মাসের,37
করবেন,37
অ্যাটর্নি,37
মারা,37
চিকিৎসক,37
গুলি,37
ব্যবস্থাপনা,37
আহত,37
কিংবা,36
যখন,36
নিজেদের,36
শনিবার,36
কাজের,36
অত্যন্ত,36
চারটি,36
উৎস,36
নিজস্ব,36
মার্কিন,36
নির্দিষ্ট,36
অন্তর্বর্তী,36
যোগাযোগমাধ্যমে,36
বের,36
কার্যালয়ে,36
বই,36
বাজার,36
ভিডিওটির,36
বন্যার,36
নির্মাণ,36
অভিজ্ঞতা,36
ওবায়দুল,36
মাহবুব,36
বাসায়,36
বদলি,36
অন্যতম,35
আসার,35
পদক্ষেপ,35
প্রতিটি,35
পথে,35
উপাচার্য,35
দেড়,35
জায়গায়,35
মধ্য,35
শহীদ,35
সাংবাদিকদের,35
অন্যদিকে,35
ট্রাইব্যুনাল,35
অভ্যুত্থানের,35
শিকার,35
সৈয়দ,35
কেনার,35
কার্গো,35
মিলিয়ে,34
এখানে,34
স্ত্রী,34
সহযোগিতা,34
আহমদ,34
পরিচালনা,34
বাতিল,34
সংগ্রহ,34
নির্ধারণ,34
উচিত,34
বরং,34
মানুষকে,34
ইলিশের,34
তুলনায়,34
যাচাই,34
অর্থনৈতিক,34
সম্পর্ক,34
আসামির,34
বয়সী,34
নিয়েছে,34
ইসলামের,34
বিশ্বের,34
সম্পত্তি,34
রিক্রুটিং,34
উঠে,33
বাড়ানো,33
মহানগর,33
সমাধান,33
জুন,33
যেখানে,33
বেশ,33
জানুয়ারি,33
হাসপাতাল,33
কেন্দ্র,33
পড়া,33
সাম্প্রতিক,33
সড়কের,33
তালিকা,33
সৌদি,33
রিট,33
এজেন্সি,33
গ্রেডের,32
পরিবহন,32
নিষিদ্ধ,32
যার,32
দলের,32
ব্যক্তির,32
বিএনপি,32
চট্টগ্রাম,32
পরিবার,32
হামলা,32
মূল্য,32
হিসাব,32
ঋণ,32
ট্রাইব্যুনালের,32
কারাগারে,32
সদস্যদের,32
নির্বাচিত,32
চলে,32
সুপার,32
কারও,31
সালাম,31
সকাল,31
আমলে,31
মূলত,31
পরিবর্তনের,31
কর্মীদের,31
অপরাধের,31
মেয়াদ,31
গ্রামীণ,31
চিকিৎসা,31
পড়েছে,31
জড়িত,31
ই,31
জিয়াউল,31
কোম্পানি,31
আলোর,31
বাকি,31
কখনো,30
পাবেন,30
যেসব,30
বাস্তবায়ন,30
ক্ষমতার,30
বিকল্প,30
মে,30
এআই,30
ফেসবুক,30
এগিয়ে,30
বিকেলে,30
সাল,30
সম্প্রতি,30
মানবতাবিরোধী,30
বিনিয়োগ,30
স্বাভাবিক,30
পুরস্কার,29
শুরুর,29
শিশুদের,29
সংসদে,29
ক্ষমতা,29
প্রাতিষ্ঠানিক,29
পানির,29
দল,29
প্রযুক্তি,29
বলেছে,29
ব্যবসা,29
হাজারের,29
চিন্তা,29
গুলশান,29
ভাই,29
নিখোঁজ,29
মরদেহ,29
মালয়েশিয়া,29
বিপুল,28
বিদ্যুতের,28
সমস্যার,28
কমিশন,28
আবুল,28
বিবেচনা,28
খবর,28
হত্যার,28
বসে,28
আদালতের,28
আনুষ্ঠানিক,28
যেকোনো,28
পোস্টে,28
পুরোনো,28
ঘটেছে,28
সেদিন,28
প্রক্রিয়া,28
দুজন,28
একক,28
সৃষ্টি,28
শুরুতে,28
জলবায়ু,28
ব্যক্তিগত,28
সহযোগী,28
মালয়েশিয়ায়,28
রোগী,28
মুখে,27
প্রথমে,27
দমন,27
ব্যক্তিরা,27
গেলে,27
প্রতিদিন,27
পুরোপুরি,27
ঘাটতি,27
তেল,27
কৃষি,27
সবার,27
আলোচনায়,27
হাজির,27
হুমায়ুন,27
ইতিবাচক,27
ব্যবসায়ী,27
গাজী,27
সদস্যরা,27
বলতে,27
ফোন,27
বিল,27
পরিচিত,27
মক্কা,27
ওষুধ,27
ঠিক,27
ওসি,27
উপলক্ষে,26
অনুষ্ঠান,26
সেন্টার,26
পরিচালিত,26
একসঙ্গে,26
পরিস্থিতির,26
ইউনিট,26
গঠন,26
টার্মিনাল,26
বাধা,26
সেটা,26
তৃতীয়,26
মুহাম্মদ,26
অবস্থা,26
যুক্তরাষ্ট্র,26
জীবন,26
পেয়ে,26
কিনতে,26
ঘটে,26
সদর,26
ডলার,26
চূড়ান্ত,26
রুল,26
জনকে,26
হাসিনা,26
কারিগরি,26
ফিরে,26
পরিষদের,26
নিয়ন্ত্রণে,26
যক্ষ্মা,26
জবানবন্দিতে,26
মেট্রোরেল,26
পেছনে,25
উদ্যোক্তা,25
চালুর,25
দেখতে,25
লাইসেন্স,25
দুদক,25
অবৈধ,25
খাতের,25
লক্ষ্যে,25
কঠিন,25
ঘণ্টা,25
নীতি,25
বিশ্লেষণ,25
ভারত,25
লীগের,25
গ্রামের,25
সুপ্রিম,25
অতিথি,25
সংগ্রহশালায়,25
স্বাধীনতা,25
স্থানে,25
স্পষ্ট,25
নির্বাচনের,25
পর্যালোচনা,25
আসছে,25
তীব্র,25
ট্রাইব্যুনালে,25
কার্যালয়ের,25
ছেলের,25
পরিচয়পত্র,25
আয়,25
পরও,25
মানসিক,25
ব্যয়ের,25
আসা,25
নিবন্ধন,25
বৈশ্বিক,25
বেগম,25
লোডশেডিং,25
বিবৃতিতে,25
মিরপুর,25
ঘুষ,25
পণ্যের,25
কীটনাশক,25
গল্প,24
সংক্রান্ত,24
উপস্থাপন,24
আমদানির,24
অন্তত,24
কর্মসূচি,24
উপজেলা,24
আনতে,24
শীর্ষক,24
চ্যালেঞ্জ,24
ভিডিওতে,24
আন্দোলনের,24
নিয়েছেন,24
তারিখ,24
দায়িত্বে,24
পদ,24
জিন্নাহর,24
মন্ত্রিপরিষদ,24
সভা,24
চলাচল,24
পায়,24
ভিন্ন,24
জেলায়,24
সদস্যের,24
কর্মকর্তার,24
সংস্কার,24
প্রসঙ্গে,24
পাস,24
বক্তব্যে,24
গবেষণার,24
জমি,24
আইনে,24
বিশ্ব,24
ক্ষতিগ্রস্ত,24
আরব,24
আবু,23
আয়োজনে,23
সূত্রে,23
বিদেশে,23
স্বরাষ্ট্রমন্ত্রী,23
ইতিমধ্যে,23
জ্যেষ্ঠ,23
সরবরাহের,23
কয়লা,23
যেমন,23
ভবনের,23
অসুস্থ,23
শক্তিশালী,23
মার্চ,23
চিহ্নিত,23
নজরদারি,23
ভাষ্য,23
ব্যবহৃত,23
ইন্টারন্যাশনাল,23
নির্মাণের,23
দুপুরে,23
হামলার,23
মাছ,23
যুগ্ম,23
উদ্যোগে,23
শর্ত,23
স্থান,23
মৃত,23
সংসদের,23
ইরানের,23
যোগাযোগ,23
রোগীর,23
পদ্ধতি,23
চাকরি,23
রাষ্ট্রের,23
কাজী,23
বাড়তি,23
পথ,23
জাতিসংঘের,23
শ্রমবাজার,23
বাড়ছে,23
সিটির,23
মানবাধিকার,23
কলেজের,23
গান,22
অ্যাওয়ার্ড,22
অভিনন্দন,22
ওঠে,22
চৌধুরীর,22
পড়াশোনা,22
অনুষ্ঠানের,22
প্রতিষ্ঠাতা,22
দীর্ঘদিনের,22
অভিযোগের,22
আইজিপি,22
পালনের,22
এপ্রিল,22
সীমিত,22
বিগত,22
বাড়াতে,22
প্রকৌশল,22
হয়তো,22
চলমান,22
তুলতে,22
সবাই,22
প্রশাসনের,22
ফর,22
দীর্ঘমেয়াদি,22
মামুন,22
প্রকৃত,22
আশা,22
বিশেষজ্ঞ,22
প্রমাণ,22
সেগুলো,22
আশঙ্কা,22
স্বাধীন,22
দেবে,22
তো,22
দৃশ্য,22
বিদ্যমান,22
বৈঠকে,22
পাঁচটি,22
টাকায়,22
অর্থবছরে,22
ভয়াবহ,22
কাটা,22
কার্ড,22
বেতনকাঠামো,22
কোন,22
আসিফ,22
আইনি,22
সংকটের,22
অভ্যুত্থানে,22
সংরক্ষণ,22
জ্ঞান,22
করেছিল,22
হাইকোর্টের,22
কর্তৃপক্ষের,22
গাড়ির,22
ডেন,22
দর,22
ফ্ল্যাট,22
গুমের,22
র্যাব,22
প্লেট,22
বিশ্ববিদ্যালয়ে,21
পেয়েছে,21
ভবিষ্যৎ,21
হিসাবে,21
ব্যাহত,21
সতর্ক,21
ডিআইজি,21
আগেই,21
কিছুটা,21
প্রতিরোধ,21
পরিচ্ছন্নতা,21
খুব,21
জবাবদিহি,21
দীর্ঘদিন,21
ইসলামী,21
তোলা,21
শপথ,21
কর্মীরা,21
রয়েছেন,21
সর্বশেষ,21
উন্মুক্ত,21
নবায়নযোগ্য,21
কেজি,21
গবেষণায়,21
অথবা,21
দলিল,21
নেয়,21
বাস্তবায়নের,21
চট্টগ্রামের,21
চুক্তিতে,21
ভারপ্রাপ্ত,21
প্রেসিডেন্ট,21
ডেপুটি,21
পৃথক,21
সংক্রমণ,21
যাঁরা,21
হারে,21
কর্মচারী,21
আনার,21
বাহিনীর,21
চিকিৎসাধীন,21
মেয়ে,21
কয়েকজন,21
দিলে,21
সন্তান,21
শাখার,21
করপোরেশন,21
হাবিবুল্লাহ,21
প্রতিরক্ষা,21
ডিএনসিসির,21
ফাঁদ,21
স্কুল,20
গ্রহণের,20
উদ্যোগের,20
অক্টোবর,20
ফি,20
প্রজ্ঞাপন,20
ডিএমপি,20
মোকাবিলায়,20
আপনার,20
বাংলা,20
প্রতিষ্ঠানটির,20
তদন্তে,20
জিয়াউর,20
মৃত্যুর,20
আমিনুল,20
পারেননি,20
মন্ত্রণালয়ে,20
তোলার,20
রাষ্ট্রদূত,20
মুজিবুর,20
গেল,20
শিল্প,20
পোস্ট,20
আরেকটি,20
জানায়,20
টেকসই,20
শারীরিক,20
রক্ষাকারী,20
পূর্ণাঙ্গ,20
ঘটনাটি,20
পূর্ব,20
দাখিল,20
দান,20
নারীর,20
র্যাবের,20
বাড়িতে,20
কর্মসংস্থান,20
রাজস্ব,20
কর্মসূচির,20
উড়োজাহাজ,20
সায়মা,20
অথচ,20
পড়ার,20
স্কোর,20
অক্সিজেন,20
ইঞ্জিন,20
মালয়েশিয়ার,20
আন্দোলনকারীদের,20
কাতার,20
গর্ত,20
উৎসব,19
ধরেন,19
স্বরাষ্ট্র,19
দক্ষতা,19
আব্দুল,19
ধ্বংস,19
চাই,19
উদ্বোধনী,19
আলোচনার,19
মাথায়,19
এস,19
নেতৃত্বে,19
জেলার,19
আলাদা,19
বিদেশি,19
আসেন,19
অনুমতি,19
গঠনের,19
দায়িত্বশীল,19
মডেল,19
হস্তান্তর,19
উদ্বোধন,19
ঘিরে,19
মুসলিম,19
সংবিধান,19
উপস্থিতি,19
শিক্ষার,19
আগস্টের,19
খুঁজে,19
থাকেন,19
গ্রুপের,19
রপ্তানি,19
রকম,19
ইতিহাস,19
গঠিত,19
বাদী,19
সামরিক,19
প্ল্যাটফর্ম,19
বিদ্যুৎকেন্দ্রের,19
ভোট,19
বিকেল,19
অনুসরণ,19
সড়কে,19
বিকাশ,19
আবদুল্লাহ,19
রাশেদ,19
শিশুর,19
রোহিঙ্গাদের,19
প্রস্তাবিত,19
জমির,19
রান্না,19
আট,19
বন্ধু,19
প্রতিবছর,19
প্রস্তুতি,19
কেনা,19
সশস্ত্র,19
রাসেল,19
এশিয়া,19
লিটার,19
সম্মাননা,18
শিক্ষার্থীরা,18
পরিপ্রেক্ষিতে,18
জজ,18
তথ্যের,18
অর্জন,18
সালাহউদ্দিন,18
পরিস্থিতিতে,18
সহ,18
ডিসেম্বর,18
উদাহরণ,18
পরিষ্কার,18
প্রশাসক,18
আবদুস,18
সুনির্দিষ্ট,18
থেকেও,18
সংঘটিত,18
চিত্র,18
জোর,18
১৫টি,18
রাষ্ট্রীয়,18
ভবিষ্যতে,18
হলেন,18
জবাব,18
গণমাধ্যম,18
দিচ্ছে,18
প্রশিক্ষণ,18
উৎপাদনের,18
ইনস্টিটিউটের,18
ক্যাপশনে,18
বন্য,18
বন্যা,18
বাস্তবায়নে,18
আলমগীর,18
শাহর,18
শিক্ষকদের,18
দিয়েছিলেন,18
দূতাবাস,18
বিধান,18
চিকিৎসার,18
বিনা,18
ম্যাজিস্ট্রেট,18
একপর্যায়ে,18
দেশটির,18
অঞ্চলের,18
অংশগ্রহণ,18
অবস্থিত,18
বিভাগীয়,18
বিজয়ী,18
বাবার,18
হাত,18
প্রত্যাহার,18
ট্রাফিক,18
এলাকা,18
ভাড়া,18
আমাকে,18
ইনস্টিটিউট,18
অনিয়ম,18
নবম,18
স্মৃতি,18
কল্যাণের,18
আহম্মেদ,18
কাদের,18
এলজিইডির,18
নিচে,17
জায়গা,17
সাংস্কৃতিক,17
আধুনিক,17
অস্ত্র,17
গোয়েন্দা,17
দেখেন,17
প্রজননস্থল,17
অনলাইনে,17
ডিএসসিসি,17
সমালোচনা,17
যৌথ,17
যথেষ্ট,17
বুঝতে,17
সেবার,17
অংশে,17
জুবায়ের,17
স্থায়ী,17
জিয়া,17
বাড়তে,17
পরীক্ষার,17
পৌঁছে,17
লেখক,17
প্রকল্পটি,17
পাকিস্তানের,17
সচিবালয়ে,17
প্রশাসনিক,17
সমন্বয়,17
সম্পন্ন,17
আগস্টে,17
হার,17
কাছাকাছি,17
মিয়া,17
রক্ষা,17
ব্যক্তিকে,17
যাচাইয়ে,17
ভবন,17
বার্তা,17
সংগঠন,17
কামাল,17
নন,17
নভেম্বর,17
কর্মচারীদের,17
কার্যক্রমে,17
কাঠামো,17
ঘুরে,17
বলেছিলেন,17
বাছাই,17
কাউকে,17
চালিয়ে,17
নির্ধারণের,17
অনুরোধ,17
পরদিন,17
যদিও,17
প্রার্থী,17
মামলাটি,17
রাস্তা,17
উদ্বেগ,17
রহমানকে,17
নাগরিকদের,17
ঘর,17
চালানো,17
আমিন,17
দৈনিক,17
পাহাড়,17
ভূমি,17
শ্রমিক,17
নিয়ম,17
কথাও,17
সমাজের,17
জনতার,17
ছাত্রলীগ,17
বৈদেশিক,17
চাওয়া,17
বিমান,17
হাসিনার,17
মজুত,17
ইনফ্লুয়েঞ্জা,17
বদলে,17
নারীদের,17
আসতে,17
লাইন,17
খারিজ,17
বিদিশা,17
১০টি,17
২৫টি,17
প্রতিবন্ধী,17
বিমানবাহিনীর,17
বিতরণ,16
পর্যায়ের,16
পরিশোধ,16
পর্যবেক্ষণ,16
ব্যাংক,16
যারা,16
অগ্রাধিকার,16
অনেকেই,16
সমন্বিত,16
জমে,16
সচেতন,16
গণতান্ত্রিক,16
অর্থের,16
দলীয়,16
পূরণ,16
খাত,16
লিখেছেন,16
প্রতিনিধি,16
নিয়েও,16
করত,16
সহজ,16
দুপুর,16
অন্তর্ভুক্ত,16
চলাকালে,16
মানে,16
নিয়োগের,16
লিমিটেডের,16
সোহাগ,16
হারিয়ে,16
রোগ,16
নষ্ট,16
সাংবাদিক,16
সংগঠনের,16
সার্ভিস,16
ঊর্ধ্বতন,16
দপ্তর,16
লিংক,16
ফেসবুকে,16
লাখের,16
করেনি,16
জানাতে,16
দেননি,16
করছি,16
ফেব্রুয়ারি,16
নির্মাণে,16
আলোচিত,16
পূর্ণ,16
আস্থা,16
বেঞ্চ,16
অধিদপ্তর,16
পর্যায়ক্রমে,16
বিচারিক,16
কতটা,16
বিপরীতে,16
ক্ষমতাচ্যুত,16
বি,16
বাড়বে,16
নির্বাচনে,16
পেলে,16
ফল,16
যানবাহন,16
প্রতিযোগিতা,16
পরিদর্শন,16
হত্যাকাণ্ডের,16
স্বামী,16
শিশুকে,16
গভীর,16
ধীরে,16
উপজেলার,16
তালিকায়,16
লাশ,16
আসাদুজ্জামান,16
চক্র,16
কর্মকর্তাকে,16
স্বাস্থ্যসেবা,16
ছাত্রলীগের,16
সেসব,16
নিপীড়নের,16
রোগীদের,16
বিদ্যুৎকেন্দ্র,16
রায়ে,16
উন্নত,16
নিজে,16
এনার্জি,16
সঞ্চালক,16
ডিএনসিসি,16
ডিএসসিসির,16
মেট্রোরেলের,16
স্বীকৃতি,15
তোলেন,15
সিদ্ধান্তের,15
শাহজাহান,15
দুদকের,15
মীর,15
বিদেশ,15
কমিশনার,15
পদোন্নতি,15
বৃদ্ধি,15
শহরের,15
ব্যবস্থার,15
সেখান,15
এডিস,15
আড়াই,15
রাস্তায়,15
চিঠিতে,15
চিঠি,15
তাতে,15
পানিতে,15
তদারকি,15
নিয়ন্ত্রণের,15
কনটেন্ট,15
করতেন,15
কার্যক্রমের,15
মিলে,15
কোর্টের,15
খালেদা,15
নেতারা,15
সরিয়ে,15
ধার্য,15
এদিকে,15
১২টা,15
অপর,15
বহাল,15
প্রতিমন্ত্রীর,15
ডলারের,15
গ্লোবাল,15
ভুক্তভোগী,15
শূন্য,15
গবেষক,15
মালিক,15
ভোক্তা,15
বাস্তব,15
অধীন,15
অনুমোদনের,15
পতনের,15
ছেড়ে,15
সন্ধ্যা,15
সম্ভাব্য,15
হোসেনের,15
নূর,15
ফুটবল,15
নির্বাচনী,15
মধ্যেই,15
পড়তে,15
গ্রেডে,15
যেতেন,15
অফিসে,15
ভেতরে,15
যন্ত্র,15
ফেরত,15
উদ্দেশ্য,15
শুনানির,15
গাড়িতে,15
ফেরার,15
অনুষদের,15
একসময়,15
কৌশলগত,15
আশপাশের,15
ধারায়,15
মেঘলা,15
কেটে,15
আইনমন্ত্রী,15
প্রতারণার,15
সরকারকে,15
বারবার,15
এলএনজির,15
অভিজ্ঞতার,15
প্রবাসীকল্যাণ,15
বোর্ডের,15
রানা,15
শহর,15
দামে,15
দিক,15
বাহিনী,15
রায়ের,15
সিন্ডিকেট,15
আব্দুস,15
এএসআই,15
কম্প্রেসর,15
সন্তানদের,14
আরেক,14
ধন্যবাদ,14
ধরতে,14
দাঁড়িয়ে,14
নিষেধাজ্ঞা,14
সত্যতা,14
অনুসন্ধান,14
ব্যাপারে,14
বাদ,14
ফকির,14
খারাপ,14
সাধারণত,14
প্রতিরোধে,14
ফেলে,14
পরিচ্ছন্ন,14
স্বাগত,14
দূর,14
পর্যাপ্ত,14
পররাষ্ট্রমন্ত্রী,14
প্রকাশের,14
বিচারক,14
ওরফে,14
দ্য,14
জন্যও,14
দূতাবাসের,14
সাক্ষাৎ,14
বক্তব্যের,14
বঙ্গবন্ধু,14
সভাপতিত্বে,14
দোকান,14
মৎস্য,14
বার্ষিক,14
টন,14
কমেছে,14
দুর্নীতির,14
জনপ্রশাসন,14
শ্রম,14
দপ্তরে,14
পাহাড়ি,14
আটকে,14
নেপাল,14
দাবিতে,14
জুলাইয়ে,14
কাটার,14
মূল্যায়ন,14
আসবে,14
স্বাক্ষর,14
বিমানবন্দর,14
প্রস্তুত,14
যাচ্ছেন,14
শাহ,14
ঘণ্টায়,14
তুলনামূলক,14
আয়ের,14
ক্ষেত্রেও,14
বেসামরিক,14
যন্ত্রপাতি,14
সেটিও,14
মেরামত,14
বরাদ্দ,14
বাসিন্দা,14
অনুসারে,14
কমানোর,14
সমর্থন,14
মেট্রোপলিটন,14
আত্মহত্যা,14
ব্র্যাক,14
উঠেছে,14
সুপারিশ,14
বুঝিয়ে,14
ঘটছে,14
মোটরসাইকেল,14
নকশা,14
বৈষম্য,14
দেশীয়,14
যক্ষ্মার,14
ওষুধের,14
চীনের,14
পারবে,14
ওয়াজেদ,14
বাণিজ্যমন্ত্রী,14
সংগ্রহের,14
দেশগুলোর,14
নিজাম,14
সংযুক্ত,14
কৃষকদের,14
রেডিও,14
মোটরসাইকেলের,14
পুরুষের,14
টু,13
সবাইকে,13
অর্জনের,13
জরিমানা,13
আবেদনের,13
ব্রিফিংয়ে,13
ডেকে,13
এনে,13
করেছি,13
নেমে,13
প্রাকৃতিক,13
শহরে,13
তরুণদের,13
একটু,13
সপ্তাহে,13
আহ্বায়ক,13
সংস্কারের,13
নেতৃত্বাধীন,13
প্রতারণা,13
নির্ভর,13
প্রতিবেদনের,13
কর্মরত,13
মিনিটে,13
মহাপরিচালক,13
আসামিদের,13
প্রশ্নে,13
যথাযথ,13
নির্মিত,13
ফেলা,13
গোলাম,13
সংগ্রহশালা,13
করছিলেন,13
কিনে,13
দফা,13
কত,13
ছয়টি,13
বোর্ড,13
গ্রুপ,13
সই,13
অস্বীকার,13
কমবে,13
বার,13
ধরন,13
চারজন,13
রাষ্ট্রপতিকে,13
সম্প্রচার,13
ভিত্তি,13
সমন্বয়ে,13
পাচ্ছেন,13
শুনানিতে,13
পলাতক,13
মান,13
উল্লেখযোগ্য,13
পারিবারিক,13
নিলে,13
লঙ্ঘন,13
স্বল্প,13
কক্ষ,13
উত্তরা,13
ইউনিয়ন,13
বিজ্ঞান,13
মোবাইল,13
আগ্রহ,13
মহাসচিব,13
পদটি,13
প্রক্রিয়ায়,13
বাধ্যতামূলক,13
সংশোধন,13
খন্দকার,13
দেখানো,13
ভারতে,13
দিনব্যাপী,13
উদ্দেশে,13
পর্বে,13
অংশগ্রহণকারীদের,13
স্থাপনা,13
অবকাঠামো,13
উর,13
রোড,13
চালক,13
ব্যাপক,13
দেখাতে,13
লিখিত,13
আসনের,13
শ্রেণির,13
মঞ্জুর,13
যৌক্তিক,13
মানবিক,13
যাত্রাবাড়ী,13
কর্মসূচিতে,13
পুরুষ,13
চাকরির,13
ইকবাল,13
নিষ্পত্তি,13
এফ,13
এইচআইভি,13
কমিয়ে,13
সেমিনারে,13
বিশ্বে,13
ফাহমিদা,13
অপেক্ষা,13
ডেঙ্গুতে,13
অঞ্চল,13
দরতালিকা,13
শুল্ক,13
বাজেয়াপ্ত,13
শিক্ষকের,13
রূপ,13
মেগাওয়াটের,13
খায়রুল,13
দপ্তরের,13
অস্ত্রোপচার,13
খোকন,13
লার্ভা,13
ঘুষের,13
সাব্বির,13
ভাগ,12
এবারের,12
স্মরণ,12
প্রসঙ্গ,12
উপস্থিতিতে,12
ছাড়াই,12
কমিশনে,12
পালিয়ে,12
মিলনায়তনে,12
জোরদার,12
দায়ের,12
সপ্তাহ,12
কমানো,12
লাগে,12
রাষ্ট্র,12
চায়,12
যত,12
ধানমন্ডির,12
সংসদীয়,12
সম্ভাবনা,12
কমাতে,12
সভাপতিত্ব,12
আহসান,12
প্রবণতা,12
স্বাক্ষরিত,12
অব্যাহত,12
ভাষায়,12
কর্মকাণ্ড,12
এভাবে,12
জামায়াতে,12
অর্থায়ন,12
স্কেল,12
তদন্তের,12
বিচারপতির,12
শাখা,12
সংবিধানের,12
আজাদ,12
দ্বৈত,12
করেই,12
বিশ্বাস,12
চলবে,12
সফরের,12
ছবির,12
বৈঠকের,12
অধিকাংশ,12
যুদ্ধ,12
প্যানেল,12
গবেষকেরা,12
গতি,12
টানা,12
বহন,12
সম্পর্কিত,12
পেজ,12
প্রচারিত,12
গণমাধ্যমে,12
ডেভেলপমেন্ট,12
লিমিটেড,12
সংশোধিত,12
খনিজ,12
পড়বে,12
এড়িয়ে,12
স্পিকার,12
আঘাত,12
করায়,12
অগ্রগতি,12
চিন্ময়,12
কৃষ্ণ,12
শাহরিয়ার,12
ছাড়পত্র,12
নিরাপত্তার,12
উপপরিদর্শক,12
এসআই,12
প্রেস,12
সোহরাওয়ার্দী,12
পেশাগত,12
শৃঙ্খলা,12
ইতিহাসের,12
মালেকের,12
কোথায়,12
প্রতিবাদ,12
একইভাবে,12
মাঝেমধ্যে,12
যাত্রা,12
সংযোগ,12
কেন্দ্রের,12
১১টার,12
পাননি,12
বসানো,12
দেশটি,12
দায়মুক্তি,12
সিইসি,12
পরিদর্শক,12
আ,12
ভেতর,12
মেজর,12
গ্রিন,12
ইউনিভার্সিটির,12
বলার,12
ধর্ম,12
আইনগত,12
সমঝোতা,12
রুহুল,12
ব্যবসায়,12
বাঁধা,12
নিজেই,12
পেট্রোবাংলা,12
ভাসমান,12
তিতাস,12
পার্বত্য,12
কক্সবাজার,12
বন,12
উপযোগী,12
হস্তান্তরের,12
ভুল,12
ফাউন্ডেশনের,12
চাকরিজীবীদের,12
কর্মস্থলে,12
পাঠিয়েছে,12
পয়েন্ট,12
মিনহাজুল,12
উন্নয়নে,12
সাময়িক,12
শতাংশে,12
মৃত্যুদণ্ড,12
দুটির,12
সজীব,12
রেজিস্ট্রি,12
সক্ষমতায়,12
কোম্পানির,12
তেলচালিত,12
বকেয়া,12
কবি,12
এলজিইডি,12
জীবনের,12
মিনিট,12
সাইবার,12
অভ্যুত্থান,12
অনেকে,12
ভাষা,12
আনুতোষিক,12
কবুতর,12
দায়,12
মল্লিক,12
ওয়াসার,12
উঠছে,11
স্বপ্ন,11
হানিফ,11
আজকের,11
প্রয়াত,11
প্রতিষ্ঠা,11
ভারতীয়,11
সার্বিক,11
র,11
সংস্কৃতি,11
পড়াশোনার,11
সিনিয়র,11
গোপন,11
খুলনা,11
যাঁদের,11
বেরিয়ে,11
পাবে,11
শক্তি,11
অংশের,11
দেখিয়ে,11
ডেঙ্গুর,11
আজকে,11
মাঠে,11
ইউজিসি,11
নেতৃত্ব,11
কুমার,11
পক্ষের,11
বিস্তারিত,11
হাবিবুর,11
কোর্ট,11
ডিগ্রি,11
পরিচালনার,11
সংস্থাটি,11
উত্তরে,11
ঝুঁকিপূর্ণ,11
সরঞ্জাম,11
উপকরণ,11
অর্থায়নে,11
ধারণ,11
সামগ্রিক,11
প্রচলিত,11
আলমোজাদ্দেদী,11
ঐতিহাসিক,11
আন্দোলনে,11
আমির,11
তফসিল,11
গতিশীল,11
অপেক্ষায়,11
আপাতত,11
ট্রলারের,11
বললেন,11
পয়সা,11
অবদান,11
শর্তে,11
সহসভাপতি,11
উভয়,11
সংরক্ষিত,11
নেপালে,11
অবশ্য,11
পেজে,11
এটিকে,11
শতাধিক,11
একমাত্র,11
সক্ষমতার,11
যৌথভাবে,11
হুমকি,11
নীলা,11
আটক,11
সফল,11
অভিন্ন,11
জামাল,11
কবীর,11
নির্যাতনের,11
বরিশাল,11
সন্ধ্যায়,11
অফিস,11
ওয়ান,11
আরিফুল,11
বাণিজ্যিক,11
সোয়া,11
সাব,11
হয়েছিলেন,11
খোলা,11
নথি,11
বুঝে,11
আশপাশে,11
রাশিয়া,11
বেছে,11
প্রত্যাশা,11
কেবল,11
অপসারণ,11
পদত্যাগ,11
রাষ্ট্রপক্ষের,11
রিমান্ড,11
ফারুক,11
ঋণের,11
যৌন,11
রাজধানী,11
তিতুমীর,11
যুদ্ধের,11
গ্রাহকদের,11
থাকছে,11
জড়িয়ে,11
বাড়ির,11
বাড়িয়ে,11
জুলাইয়ের,11
কারখানায়,11
প্রাণী,11
বিশেষজ্ঞরা,11
গিয়েছিলেন,11
করলেও,11
মেয়াদে,11
প্রয়োগ,11
জাহেদ,11
দুর্ঘটনায়,11
আঞ্চলিক,11
জুনে,11
থানা,11
সিইও,11
চিকিৎসকের,11
করিয়ে,11
পরের,11
সম্মিলিত,11
চুলা,11
এক্সিলারেট,11
সংকটে,11
রংপুর,11
মিলিয়ন,11
কর্তৃপক্ষ,11
কবিরুল,11
বাইরের,11
বন্ধের,11
পরীক্ষায়,11
কারাদণ্ড,11
রেফাত,11
স্বাধীনতার,11
বিজয়ীদের,11
মেগা,11
আটটি,11
বাণিজ্য,11
নজরুলের,11
এইচ,11
নিম্নমানের,11
নকল,11
মতামত,11
খসড়া,11
এমবিবিএস,11
নোটিশ,11
কৃষক,11
আরবের,11
আত্মহত্যার,11
বসানোর,11
পাচার,11
অধীনে,11
অভিবাসন,11
আলকাছ,11
ওবায়দুর,11
তরুণীর,11
স্মারক,10
ক্যামেরার,10
একাডেমিক,10
সীমাবদ্ধ,10
সহযোগিতার,10
শিক্ষাপ্রতিষ্ঠান,10
ফজলে,10
সুলতানা,10
অভিযুক্ত,10
সুষ্ঠু,10
উদ্ধারের,10
রেঞ্জ,10
আপনারা,10
যোগ্য,10
সন্ত্রাসী,10
রিকশা,10
বুয়েট,10
মাদ্রাসা,10
মাদ্রাসায়,10
অবস্থার,10
নিজেকে,10
বিরোধী,10
দাঁড়িয়েছে,10
বৈঠক,10
বৈজ্ঞানিক,10
ওয়েবসাইটে,10
সঠিক,10
যেত,10
নেতাদের,10
শাসন,10
সিদ্দিকী,10
কামনা,10
মাছের,10
ঢুকে,10
কল্যাণ,10
মুখপাত্র,10
টি,10
তাকে,10
চীন,10
উদ্দেশ্যে,10
বাজারের,10
ওজনের,10
কমছে,10
বিস্তার,10
করেননি,10
বৃদ্ধির,10
শোনা,10
বাস,10
মেনে,10
সিলেট,10
অঞ্চলে,10
প্রচার,10
ভিডিওর,10
মিল,10
সেনা,10
মিডিয়া,10
প্রসিকিউশন,10
কারা,10
পার,10
ব্যাংকের,10
প্রকল্পে,10
অর্থনীতি,10
শাহজালাল,10
মন্ত্রিসভার,10
পার্টির,10
জয়া,10
স্থগিত,10
ইসলামকে,10
ক্লাব,10
পড়েন,10
চালান,10
সাভার,10
প্রযোজ্য,10
তানজীমউদ্দিন,10
গভর্নর,10
নীতিমালা,10
বাস্তবায়িত,10
সেটিই,10
জিডি,10
কেন্দ্রে,10
সাড়া,10
আনুষ্ঠানিকভাবে,10
পিছিয়ে,10
কবে,10
ত্রুটি,10
ইউনিটে,10
বাসভবন,10
বয়স,10
হঠাৎ,10
সচেতনতা,10
রক্ষায়,10
আয়োজনের,10
সমাপনী,10
পল্লী,10
জাহাঙ্গীর,10
করলেই,10
সভাপতির,10
জন্ম,10
বিয়ে,10
চলার,10
কুদ্দুস,10
খাবার,10
জঙ্গল,10
পোশাক,10
দখল,10
জনগণকে,10
উপকমিশনার,10
নাটক,10
সম্পত্তির,10
বয়সে,10
আইনটি,10
ধারা,10
বৈধতা,10
হোক,10
কথাগুলো,10
ফারজানা,10
অনলাইন,10
দুর্ঘটনা,10
দুর্ঘটনার,10
সামনের,10
প্রবেশ,10
খলিলুর,10
কাঠের,10
বৈষম্যবিরোধী,10
গুলিবিদ্ধ,10
বৈদ্যুতিক,10
একেবারে,10
এলে,10
খেলার,10
জাইকার,10
রিটটি,10
মাসুদ,10
ম্যালেরিয়া,10
টিকা,10
সাজা,10
ন্যাশনাল,10
দাঁড়াবে,10
গুণ,10
ভেঙে,10
বরখাস্ত,10
সিদ্ধান্তে,10
প্রস্তাবে,10
জবাবদিহির,10
দীপু,10
যত্ন,10
মূল্যবোধ,10
পাকিস্তান,10
খানের,10
বিদিশাকে,10
বিক্রির,10
আদানির,10
গ্রামে,10
মালিকদের,10
১২টার,10
অসংখ্য,10
অয়েলের,10
সাজ্জাদ,10
সুমনা,10
অল্প,10
এজেন্সিকে,10
ঢামেক,10
লাইনে,10
প্রণয়ন,10
বুকে,10
বোয়িংয়ের,10
পর্যটন,10
ডায়াবেটিস,10
বিদ্যালয়ের,10
বেতনের,10
সিলন,10
এসপি,10
মতিঝিল,10
নারীকে,10
কৃষির,10
তদারক,10
নিধনের,10
দফায়,10
প্রবাসী,10
ফুটপাত,10
সমতার,10
যুবলীগ,10
আন্দোলনকারীকে,10
ব্যারাজ,10
প্রতিষ্ঠিত,9
সেন্টারের,9
উঠেছিল,9
সাফল্য,9
টাইম,9
উচ্চশিক্ষার,9
কমিউনিটি,9
করাই,9
সন্তানের,9
কাগজপত্র,9
সময়সীমা,9
মাহবুবুর,9
আবেদনে,9
অনুসন্ধানের,9
অবনতি,9
১০টার,9
ধরার,9
রফিকুল,9
প্রদান,9
এসি,9
জ্বালানির,9
বাস্তবে,9
নির্ভরতা,9
সামঞ্জস্য,9
চার্জ,9
শতাংশের,9
বিশেষজ্ঞদের,9
ছাড়াও,9
আপনাদের,9
আপনি,9
সুস্থ,9
কষ্ট,9
দুর্বলতা,9
দুর্ভোগ,9
অতীতের,9
জাহাঙ্গীরনগর,9
সংশোধনের,9
স্বার্থ,9
প্রত্যেক,9
নাগরিকের,9
কৃত্রিম,9
ভুয়া,9
প্রতিষ্ঠানটি,9
কাঠামোয়,9
এমনকি,9
গনি,9
তালিকাভুক্ত,9
প্রাঙ্গণে,9
মিছিল,9
কার্যালয়,9
নমুনা,9
সাক্ষী,9
টিআইবি,9
মুক্ত,9
কার,9
নাকি,9
প্রতিফলন,9
বৈধ,9
প্রতিক্রিয়া,9
সুদৃঢ়,9
চলচ্চিত্র,9
ফরহাদ,9
নির্যাতন,9
প্রণয়নের,9
আলফেছানী,9
বিষয়টিও,9
কারওয়ান,9
আলতাফ,9
শ,9
থাকত,9
অতি,9
অস্বাভাবিক,9
গড়,9
দু,9
দশকে,9
ছাত্রদলের,9
শ্রমিকদের,9
দাস,9
চতুর্থ,9
রিভার্স,9
ইমেজ,9
সার্চ,9
সংবাদমাধ্যম,9
পেতে,9
আহসানের,9
জবানবন্দি,9
ভাইয়ের,9
জানানোর,9
শেয়ার,9
তেলের,9
শামসুল,9
ক্রীড়া,9
দ্বিপক্ষীয়,9
বিস্তৃত,9
শরীরে,9
গ্রেড,9
হামলায়,9
জুডিশিয়াল,9
সম্পৃক্ত,9
ওপরও,9
বোঝা,9
মধ্যেও,9
১০ম,9
অবসরপ্রাপ্ত,9
সেবাকেন্দ্র,9
আইসিটি,9
গুলশানের,9
খুবই,9
পারেনি,9
উদ্যোক্তাদের,9
নাগরিকেরা,9
আসলে,9
পারমাণবিক,9
সেফটি,9
পদের,9
সদ্য,9
বাধ্য,9
পরপর,9
যোগ্যতা,9
সফরে,9
খরচে,9
বীর,9
নুরুল,9
আসামিরা,9
দাখিলের,9
চর,9
কালো,9
ভবনে,9
ডিন,9
সংগীত,9
পরিবেশন,9
সংক্ষিপ্ত,9
অতিথির,9
অন্যদের,9
মূল্যে,9
সমৃদ্ধ,9
বিরোধীদলীয়,9
ফলাফল,9
তালুকদার,9
শিশুটির,9
পাশ,9
সামাল,9
হচ্ছিল,9
টার্মিনালে,9
রান্নার,9
ভোগান্তি,9
পিএসআই,9
উৎপাদনে,9
কক্সবাজারের,9
এশিয়ার,9
ব্রিটিশ,9
ইসলামি,9
সন্তানকে,9
নারীরা,9
প্রতিষ্ঠার,9
স্বচ্ছতা,9
উচ্চ,9
বাঁধনের,9
একাধিকবার,9
মিরপুরের,9
সিলিন্ডার,9
এনার্জির,9
দিচ্ছেন,9
পারলে,9
স্কুলে,9
হাইকোর্টে,9
নগর,9
ফরমানুল,9
জটিলতা,9
অপারেশন,9
জনস্বাস্থ্য,9
সম্পর্কের,9
ইনফ্লুয়েঞ্জার,9
আইইডিসিআর,9
নীতির,9
আক্তার,9
ডা,9
পার্থক্য,9
বাশার,9
ক্রয়,9
তৌফিক,9
বগুড়া,9
উন্নীত,9
খায়ের,9
বস্তা,9
মৌলিক,9
রক্ষণাবেক্ষণ,9
সবকিছু,9
মডেলের,9
চলতে,9
স্মারকলিপিতে,9
ইরান,9
পিন্টু,9
বিধিমালা,9
ক্ষতি,9
দিবস,9
রোডের,9
রেজিস্ট্রেশন,9
দলিলের,9
জিপিএ,9
রবি,9
বসাতে,9
কর্মীর,9
অ্যাসোসিয়েশনের,9
টেনে,9
বইয়ের,9
ওয়ার্ডে,9
মশক,9
পেট্রোবাংলার,9
দরপত্র,9
আব্বাস,9
বন্দীদের,9
স্যার,9
বিশ্বসাহিত্য,9
হাবিবুল্লাহর,9
উসকানিমূলক,9
প্ররোচনা,9
বর্জ্য,9
আরাফাত,9
কাদেরের,9
জগন্নাথ,9
বিজি,9
ট্র্যাপ,9
পদ্মা,9
মঞ্চে,8
একের,8
ভবিষ্যতের,8
নৃত্য,8
উন্নতি,8
ব্যস্ত,8
সহযোগিতায়,8
পড়েছেন,8
বাংলাদেশিদের,8
আগ্রহী,8
পরিণত,8
ওঠার,8
হালনাগাদ,8
অবিলম্বে,8
নাহিদ,8
পাবলিক,8
স্বার্থে,8
পুলিশকে,8
সম্মেলন,8
যানবাহনের,8
সমাধানের,8
নীতিগত,8
প্রবাহ,8
চেয়েছেন,8
দেশকে,8
সূচনা,8
সাহায্য,8
জ্বর,8
উন্নয়নের,8
প্রেক্ষাপট,8
ক্ষমতায়,8
ফ্যাসিস্ট,8
খালি,8
কামরুল,8
ব্যাংকিং,8
উপযুক্ত,8
আশ্বাস,8
সঞ্জয়,8
যথাযথভাবে,8
সম্পূর্ণ,8
ন্যায্য,8
নেটওয়ার্ক,8
অ্যানথ্রপিক,8
প্ল্যাটফর্মের,8
নিউজ,8
লাইভ,8
এনসিপি,8
সঙ্গেও,8
অ্যাকাউন্টে,8
বৈশিষ্ট্য,8
জিয়ার,8
উদ্যানের,8
ঘরে,8
সাক্ষ্য,8
জামিনে,8
নাগরিকত্ব,8
টিআইবির,8
সহায়তার,8
শরীর,8
বজায়,8
স্বাস্থ্যসেবার,8
হেড,8
দূরে,8
মুক্তির,8
ফজলুল,8
বইয়ে,8
নেবে,8
বাড়ার,8
স্বীকার,8
বারী,8
সাগর,8
নাই,8
অ্যাসোসিয়েশন,8
রেকর্ড,8
অনুসন্ধানে,8
অবসরে,8
ইউনিভার্সিটি,8
যাতায়াত,8
শান্তি,8
মেয়েকে,8
বেঁচে,8
প্রমাণিত,8
ভেসে,8
করল,8
মাঝে,8
বন্যায়,8
যেভাবে,8
ওপরে,8
বোন,8
নাহার,8
রাষ্ট্রপক্ষ,8
পেরেছেন,8
শুভেচ্ছা,8
আন্তরিক,8
করলেন,8
সাইফুল,8
চোখ,8
বঙ্গভবন,8
মঈন,8
ট্রাম্প,8
অধিনায়ক,8
প্রতিবেশী,8
দাসের,8
রাষ্ট্রপক্ষে,8
ওয়ার্ড,8
উপসর্গ,8
১৪টি,8
মেহেদী,8
পেনশন,8
অবসর,8
বিতর্ক,8
সন্ত্রাসীরা,8
জখম,8
লোকজন,8
সততা,8
মর্যাদা,8
ব্যাখ্যা,8
ছাত্রসংঘের,8
বিষয়গুলো,8
সক্রিয়,8
ধাপ,8
অবহেলা,8
হবেন,8
মোহাম্মদপুর,8
অফিসের,8
মুঠোফোন,8
লিখে,8
সনদ,8
চালাতে,8
উদ্যোগটি,8
মুঠোফোনে,8
সম্মেলনের,8
ইউনিটের,8
নির্দেশে,8
হচ্ছেন,8
অবহিত,8
নিরীক্ষা,8
মন্ত্রিসভা,8
ভারসাম্য,8
জনপ্রিয়,8
রাস্তার,8
তরুণ,8
পার্কের,8
সফর,8
আহমদকে,8
অধিবেশন,8
কর্মশালার,8
প্রতিনিধিরা,8
শুরুতেই,8
বিষয়ক,8
আবাসিক,8
মাদ্রাসার,8
সময়ই,8
পা,8
সহজে,8
কর্নেল,8
শীর্ষ,8
পিএলসির,8
পিঠে,8
জাপানের,8
করেও,8
খাবারের,8
জীবিত,8
শিল্পে,8
এক্সিলারেটের,8
গাজীপুর,8
সিএনজি,8
তেমন,8
প্রতিষ্ঠানে,8
চিতা,8
বসতি,8
অপহরণ,8
সুরক্ষার,8
স্থাবর,8
থাকবেন,8
দুর্বল,8
উচ্ছেদ,8
পদায়ন,8
ইন,8
ফিরিয়ে,8
দেখানোর,8
বাচ্চা,8
মনিরুল,8
ইলিয়াস,8
আবারও,8
রানী,8
চুলায়,8
রাকিবুল,8
নিয়েই,8
বন্ধে,8
দিয়েছিল,8
মধ্যপ্রাচ্যে,8
সম্পূরক,8
প্রতিষ্ঠানগুলোর,8
বিরত,8
অভিযোগপত্র,8
সফটওয়্যার,8
নিযুক্ত,8
বোয়িং,8
আইসিডিডিআরবির,8
মনি,8
কাগজে,8
বলেছিল,8
মুশতাক,8
সেরোটাইপের,8
তিনজন,8
স্বচ্ছ,8
ছয়জন,8
দায়িত্বপ্রাপ্ত,8
ডিসচার্জ,8
সরদার,8
পাঠান,8
বিদিশার,8
মোশাররফ,8
আদায়,8
পিডিবি,8
বৃষ্টি,8
একবার,8
ব্যবসায়ীরা,8
ফেব্রুয়ারিতে,8
অর্থনীতিতে,8
এভাবেই,8
রাজি,8
টেলিভিশন,8
শওকত,8
স্থানান্তর,8
শরিফ,8
ব্রিজ,8
কিস্তি,8
শাহে,8
তানভীর,8
পরিদর্শনকালে,8
বিন,8
ইনচার্জ,8
মর্গে,8
দেখেছেন,8
পদমর্যাদার,8
পৌঁছানোর,8
শুনতে,8
সংগ্রামের,8
শামীম,8
ইউসুফ,8
দলিলে,8
কূটনৈতিক,8
বাংলাদেশকে,8
মায়ের,8
বলতেন,8
কলেজে,8
ছেলেকে,8
অস্ত্রোপচারের,8
বর্ধিত,8
কৌশিক,8
বসু,8
বৃষ্টির,8
সংস্কৃতিবিষয়ক,8
মাহমুদুন্নবী,8
এসেছিলেন,8
খোলাবাজার,8
গভীরতা,8
রিদওয়ান,8
ফাঁকে,8
লুটপাট,8
টক,8
ডিএমপির,8
শাপলা,8
ক্রসিং,8
ফাঁদের,8
এমডি,8
চোখে,7
ঘণ্টার,7
নেতৃত্বের,7
ভর্তির,7
বিশিষ্ট,7
পাওয়ায়,7
যুবলীগের,7
পরশ,7
সংকটকে,7
ইস্যু,7
সৃষ্টির,7
দিয়েছি,7
মহাপরিদর্শক,7
সদস্যকে,7
সঞ্চালন,7
ব্যাটারি,7
ত্যাগ,7
টাস্কফোর্স,7
অভিযানের,7
জনসচেতনতা,7
হয়েছি,7
আছি,7
বাসা,7
বহু,7
সুশাসন,7
উত্তোলনের,7
ওঠা,7
গুরুত্বারোপ,7
শিক্ষাপ্রতিষ্ঠানে,7
নৈতিক,7
জোটের,7
লেখেন,7
বঞ্চিত,7
তদারকির,7
বর্ণনা,7
খুলে,7
চালানোর,7
প্রতিষ্ঠাবার্ষিকী,7
গাছের,7
স্লোগান,7
দশক,7
আসায়,7
ইফতেখারুজ্জামান,7
সাংঘর্ষিক,7
জনস্বার্থে,7
উদ্বেগজনক,7
মাত্রা,7
কার্যকারিতা,7
আলোকচিত্র,7
প্রতিশ্রুতি,7
রওনা,7
দেওয়ায়,7
হলের,7
এসেছিল,7
নাসিমুল,7
উচ্চপর্যায়ের,7
সভার,7
দোকানে,7
আহরণ,7
সমবায়,7
জাল,7
পটুয়াখালীর,7
বেশির,7
ট্রলার,7
ক্যাব,7
দাঁড়ায়,7
ব্যবসায়ীদের,7
কমতে,7
বিশাল,7
পড়ছে,7
ডিম,7
যাতায়াতের,7
করাও,7
সাপেক্ষে,7
স্থিতিশীলতা,7
ইন্ডাস্ট্রিয়াল,7
মতবিনিময়,7
ক্রেতা,7
হাতি,7
নিরাপদে,7
ভূমিধসের,7
দুর্যোগের,7
শরীরের,7
দেখিয়েছে,7
সংবাদমাধ্যমে,7
নির্মাণকাজ,7
ঋণে,7
মুখ,7
ভিসা,7
বিমানবন্দরে,7
মন্ত্রিসভায়,7
আন্দালিভ,7
পার্থ,7
এল,7
অভিনেতা,7
সমিতির,7
আলমগীরকে,7
জাহিদ,7
হামের,7
হোটেলে,7
অঙ্গীকার,7
বৃদ্ধ,7
সাভারের,7
এসবি,7
নিরস্ত্র,7
বাবাকে,7
রাজশাহী,7
প্রদর্শন,7
মালিকানা,7
পৃথিবীর,7
কর্মকাণ্ডের,7
২০তম,7
আনুমানিক,7
চেয়ার,7
পাসপোর্ট,7
দেবেন,7
কম্পিউটার,7
তিনিও,7
খোঁজ,7
কোনোটিই,7
ছাপ,7
কার্যত,7
অনুবিভাগের,7
ডাক,7
টেলিযোগাযোগ,7
গ্রাহক,7
ভেরিফায়েড,7
অনেকটা,7
স্বতন্ত্র,7
অনেকের,7
পালনে,7
কমপক্ষে,7
সহায়তায়,7
হাফিজ,7
ডনের,7
সিআইডি,7
মজিবুর,7
ঝুঁকিতে,7
পরা,7
প্রান্ত,7
ক্লাইমেট,7
আইনুন,7
নিশাত,7
অ্যাপের,7
তেমনি,7
এটির,7
নবাব,7
উল্লাহ,7
নূরুল,7
ঘোষণার,7
আবেদনকারীর,7
উপহার,7
ঘন,7
পায়রা,7
অমিত,7
মহাব্যবস্থাপক,7
উৎপাদিত,7
কারখানা,7
ওমর,7
চিতার,7
প্রাণীর,7
ঘুরতে,7
রোহিঙ্গা,7
একজনকে,7
আসত,7
থাকতেন,7
বরিশালের,7
দাতা,7
শিক্ষাগত,7
বিক্ষোভ,7
নজর,7
গিয়েছিল,7
সরেজমিন,7
আক্তারের,7
নিবন্ধিত,7
নিম্ন,7
হোসাইন,7
অভিযোগও,7
ব্রিগেডিয়ার,7
তেজগাঁও,7
বদলির,7
নার্সিং,7
ক্লিনিক্যাল,7
চুক্তিটি,7
জাতিসংঘ,7
অধিবেশনের,7
করব,7
দীর্ঘস্থায়ী,7
সত্ত্বেও,7
ইতালির,7
ইতালি,7
জানালেন,7
দমনে,7
সাইট,7
পাশের,7
একদিন,7
দেশগুলোতে,7
ক্ষতির,7
মোকাবিলা,7
জি,7
সংকটাপন্ন,7
রিটের,7
লিভ,7
কাজল,7
আব্দুর,7
রউফ,7
প্রাপ্ত,7
সাজ্জাদুল,7
সোলার,7
বিচ্ছিন্ন,7
এইডস,7
উপস্থাপনের,7
পরামর্শক,7
রোগের,7
প্রযুক্তির,7
জনগোষ্ঠীর,7
বিজ্ঞানী,7
গণমাধ্যমের,7
আইরিন,7
ফাউন্ডেশন,7
ব্যবধান,7
পারি,7
তে,7
পেয়েছি,7
কেনাকাটা,7
হাইকমিশনার,7
নজরদারির,7
তদারকিতে,7
শিক্ষামন্ত্রী,7
ক্ষতিপূরণ,7
দেখিয়েছিলেন,7
ওয়াজেদের,7
দায়ে,7
গাবতলী,7
বিয়ের,7
দেরি,7
প্রদেয়,7
যেহেতু,7
আবেদনকারী,7
অনুপস্থিত,7
গরম,7
লাগতে,7
ফ্রান্স,7
বিলিয়ন,7
জাহাজ,7
দিবাগত,7
লেগেছে,7
ময়নাতদন্তের,7
সাকিব,7
অয়েল,7
বিপুলসংখ্যক,7
বিক্রেতা,7
ষ্টার,7
ইমাম,7
সুদে,7
পার্কিং,7
পারতেন,7
দুজনকে,7
দাউদ,7
বাধ্যবাধকতা,7
জাপানি,7
শব্দ,7
অ্যাটলাস,7
এস৮০,7
এস৯০,7
ভোল্ট,7
মেয়ের,7
রাজু,7
সমাজ,7
বদরুদ্দীন,7
সৌরবিদ্যুৎ,7
সম্ভাব্যতা,7
কার্বন,7
হরমুজ,7
দোয়া,7
ওসমান,7
রিটার্ন,7
মিটার,7
স্বাক্ষরের,7
অপরাধী,7
মিরপুরে,7
চিকিৎসকেরা,7
দশম,7
বাড়িভাড়া,7
বাড়িভাড়াসহ,7
স্বল্পমেয়াদি,7
বিচারের,7
নৌ,7
লাথি,7
রাজবাড়ীর,7
জাকিয়া,7
জাদুঘর,7
নিধন,7
অ্যাডাল্টিসাইড,7
আরপিজিসিএল,7
ওমান,7
কাতারের,7
জিয়াউলের,7
বিকাশের,7
ওসমানী,7
সোহেল,7
আদেশে,7
আচরণ,7
এমআরটি,7
ভাঙা,7
অপরাধে,7
আরএফআইডি,7
ফজলুর,7
জাদুঘরের,7
মোড়,7
জসিম,7
ডিউটি,7
পদত্যাগপত্র,7
সাদ্দাম,7
দমনের,7
লিবিয়ায়,7
ভাঙন,7
ধার,7
সেন্টিনেল,7
ছিনতাইয়ের,7
সাফল্যের,6
লস,6
টিউটোরিয়াল,6
অনুষ্ঠানটি,6
একজনের,6
ছোট্ট,6
ক্যাম্পাসে,6
সেলিম,6
বিশেষভাবে,6
পরিবারকে,6
নাসির,6
উচ্চশিক্ষায়,6
উৎসাহিত,6
রাখবে,6
পরিবেশনা,6
রঙের,6
গানের,6
মুহূর্তে,6
অংশগ্রহণে,6
ড্রাইভিং,6
স্পেশাল,6
কবিরের,6
উপপরিচালক,6
মাদক,6
এগুলো,6
ক্রাইম,6
কেননা,6
চাহিদার,6
একযোগে,6
গড়ার,6
মাটির,6
অবশ্যই,6
সক্ষম,6
মানসিকতা,6
পারভীন,6
ব্যাগ,6
গেলেও,6
অপব্যবহার,6
কাঙ্ক্ষিত,6
পুলিশি,6
কমিটিকে,6
পানিবণ্টন,6
বিহারের,6
মেয়াদি,6
গঙ্গা,6
সার্বিকভাবে,6
ক্লড,6
এআইয়ের,6
ক্ষতিকর,6
মিথ্যা,6
রূপান্তর,6
ব্যবস্থায়,6
প্রচারণার,6
ধর্মীয়,6
সামঞ্জস্যপূর্ণ,6
অভ্যন্তরীণ,6
৯টায়,6
শ্রদ্ধা,6
৯টা,6
কালাম,6
কারাগার,6
ট্রান্সপারেন্সি,6
ব্রিফিং,6
জ্বালা,6
আমলের,6
বাড়ে,6
রাখছে,6
ফার্স্ট,6
হেলথ,6
মানসম্মত,6
প্রদর্শনী,6
জিএস,6
সাথে,6
করেছিলাম,6
কঠোর,6
প্রসঙ্গত,6
ফেডারেশনের,6
ইসলামীর,6
মধ্যপ্রাচ্যের,6
সৃষ্ট,6
ঠিকমতো,6
স্থাপনের,6
অনানুষ্ঠানিক,6
বলছিলেন,6
দরে,6
গ্রাম,6
জালের,6
পেশায়,6
পেরেছে,6
সেনাপ্রধান,6
আহমেদের,6
ইউনাইটেড,6
সার্ভিসের,6
মানের,6
ভবিষ্যতেও,6
নিরাপদ,6
উপসচিব,6
অফিসার,6
সংলাপ,6
কর্মসংস্থানের,6
বাংলার,6
দারিদ্র্য,6
তিব্বত,6
দাবিটির,6
সাহায্যে,6
ছাড়িয়ে,6
নির্ভরযোগ্য,6
আকস্মিক,6
চোখের,6
কেক,6
সত্য,6
প্রতিকার,6
খুনের,6
তারপরও,6
ইসলামিক,6
দ্বিগুণ,6
দিকনির্দেশনা,6
অর্থনীতির,6
সংস্থাটির,6
লাগবে,6
নেবেন,6
নবনির্বাচিত,6
ডোনাল্ড,6
লোক,6
শিল্পী,6
সফলভাবে,6
নগরের,6
ফিরোজ,6
খানকে,6
আগামীকাল,6
ক্রিকেট,6
অংশগ্রহণকারী,6
পেনশনের,6
আসামিকে,6
সচল,6
প্রাণ,6
পর্যায়,6
কোনোভাবেই,6
কর্মকাণ্ডে,6
যিনি,6
ক্ষেত্রেই,6
উপকৃত,6
ডায়েরি,6
মোহাম্মদপুরের,6
সেবাকেন্দ্রের,6
তালা,6
পাইলট,6
ইউনূস,6
চক্রের,6
বায়োমেট্রিক,6
আহমদের,6
গভর্ন্যান্স,6
প্রয়োজনে,6
বঙ্গভবনের,6
পাঁচটা,6
ঐক্যের,6
অলি,6
ভোটে,6
ইতিহাসে,6
আসনে,6
উঠতে,6
দায়রা,6
সবুজ,6
ভোরে,6
ধীরগতিতে,6
দোকানের,6
সেপ্টেম্বরে,6
প্রদেশের,6
মোনাওয়ার,6
সম্পৃক্ততা,6
১০০টি,6
উৎসবের,6
সায়েন্স,6
তাৎক্ষণিক,6
প্রবন্ধ,6
উদ্ভাবন,6
রিসার্চ,6
থাকি,6
উপজেলায়,6
প্রিমিয়াম,6
ব্যবসায়িক,6
দৃঢ়,6
যমুনা,6
পার্ক,6
শপিং,6
জামায়াতের,6
কাপড়,6
প্রাসঙ্গিক,6
দুপুরের,6
গর্তের,6
খনন,6
ময়মনসিংহ,6
গ্রাহকের,6
অনিন্দ্য,6
রয়ে,6
চেম্বার,6
আসেনি,6
ভোর,6
ক্যামেরা,6
বনের,6
ইনানী,6
ক্যামেরায়,6
নিচের,6
এখনই,6
কিছুদিন,6
স্বামীর,6
সাধারণভাবে,6
সমাবেশ,6
সেক্রেটারি,6
প্রশ্নও,6
মুখোমুখি,6
৮টি,6
শ্রেণি,6
প্লট,6
ঘটনাস্থলে,6
রিমান্ডে,6
মাঠপর্যায়ে,6
ডিসি,6
তত্ত্বাবধানে,6
মানদণ্ড,6
চিকিৎসাসেবা,6
সাহস,6
রশিদ,6
বঙ্গবন্ধুর,6
ওরা,6
ব্যবহারকারী,6
সাংগঠনিক,6
পশ্চিম,6
আংশিক,6
ছোটবেলায়,6
পাবনা,6
মনির,6
দুর্যোগ,6
হাবিব,6
তাৎক্ষণিকভাবে,6
সপ্তাহের,6
প্রেক্ষাপটে,6
খোলার,6
পরিবেশের,6
হেনা,6
পর্ষদের,6
পিবিআই,6
পরোয়ানা,6
রোগে,6
সংক্রমণের,6
আক্রান্তের,6
ইউনিয়নের,6
আশঙ্কার,6
উপস্থাপনায়,6
পর্যবেক্ষণের,6
মৌসুমে,6
মত,6
মাঠপর্যায়ের,6
লেগে,6
অধিবেশনে,6
শয্যা,6
সেরোটাইপ,6
কেনাকাটায়,6
সংস্থাগুলোর,6
প্রকৌশলী,6
আয়কর,6
বাজারমূল্য,6
একেক,6
অর্থনীতিবিদ,6
ঝামেলা,6
লঙ্ঘনের,6
দিতেন,6
পারিনি,6
যাব,6
কয়েকজনের,6
সম্পদের,6
অনিয়মের,6
খালাস,6
প্রিন্স,6
পছন্দ,6
অর্থবহ,6
সিসিটিভি,6
কমিশনারের,6
এরশাদের,6
চারটার,6
পড়লে,6
বিরতির,6
বিশৃঙ্খলা,6
চুরি,6
জোনের,6
এটাই,6
পাঁচজন,6
ফয়সাল,6
আমিরাত,6
সমন্বিতভাবে,6
ইত্যাদি,6
সেন্টারে,6
করছিল,6
কূটনীতিক,6
এসেছেন,6
সিমেন্টের,6
পেট,6
লাশটি,6
কারফিউ,6
জনতাকে,6
জারির,6
চালায়,6
সফিকুজ্জামান,6
জানেন,6
মিরাজ,6
লাইট,6
পেরিয়ে,6
প্রতিদিনের,6
কথাসাহিত্যিক,6
রাতের,6
গাড়িটি,6
গুলশানে,6
ওসির,6
মধ্যপ্রাচ্য,6
সেলের,6
কায়েস,6
বায়রার,6
আদায়ের,6
ইসি,6
রেজাউল,6
বন্দীকে,6
অপপ্রয়োগ,6
লাভ,6
সেটিকে,6
যাত্রাবাড়ীর,6
মতপ্রকাশের,6
দৈনন্দিন,6
প্রযুক্তিগত,6
এস৭০,6
এস১০০,6
নারায়ণগঞ্জে,6
কুয়েত,6
কখনোই,6
সার্জিও,6
গর,6
লাইফ,6
বাসার,6
ইনক্রিমেন্ট,6
রেফারেন্স,6
গ্রামীণফোন,6
আই,6
রুনি,6
এয়ার,6
কমপ্লেক্স,6
কৃষকেরা,6
রাজবাড়ী,6
শান্ত,6
কবুতরের,6
এনআইডি,6
অস্ত্রোপচারে,6
আরা,6
এজলাস,6
নাজিবুর,6
ন্যায়বিচার,6
মাননীয়,6
অনুমোদিত,6
ন্যূনতম,6
সামগ্রী,6
তানিয়া,6
ঠিকাদার,6
সিটিতে,6
বন্দীর,6
দরপত্রের,6
নৌকা,6
ভাত,6
সুবিধাবঞ্চিত,6
পল্লবী,6
সপ্তম,6
শুনতাম,6
দরজা,6
অ্যাপোলা,6
ভবনটির,6
অননুমোদিত,6
ভাটারা,6
ডিএমটিসিএল,6
ছাত্রসংঘ,6
নদীর,6
খালেদ,6
আইডি,6
বিটুমিন,6
মোটরসাইকেলে,6
ফসল,6
সূচকে,6
অবস্থানে,6
মাহাবুল,6
ডিএজি,6
বাহাউদ্দিন,6
আন্দোলনকে,6
কীটনাশকের,6
মেলাথিয়ন,6
মানব,6
সেল,6
রবীন্দ্রনাথের,6
খানাখন্দ,6
নালার,6
ইনস্যুরেন্স,6
মশাকে,6
প্রবন্ধে,6
গলায়,5
শোতে,5
শিক্ষার্থীকে,5
অবদানের,5
স্কুলের,5
আয়োজনটি,5
প্রজন্ম,5
প্রজন্মের,5
জুয়েল,5
চীনা,5
কমিউনিটির,5
ভূমিকার,5
রাখে,5
পর্বের,5
শিক্ষাপ্রতিষ্ঠানের,5
বাড়িয়েছে,5
মহাসড়ক,5
লেনদেন,5
ঠেকানো,5
ঘটাতে,5
অস্ত্রের,5
গুজব,5
কল্যাণে,5
পরিয়ে,5
আমদানিনির্ভরতা,5
খাতকে,5
গোষ্ঠী,5
অনেকটাই,5
বরাবর,5
পুনর্গঠন,5
শতভাগ,5
দেশজুড়ে,5
ময়লা,5
সমাধানে,5
জ্বালানিসংকট,5
আয়োজক,5
বিতর্কের,5
জহির,5
স্বপন,5
রাজনীতি,5
পায়নি,5
প্রশাসনে,5
একধরনের,5
জয়শঙ্কর,5
পর্যালোচনার,5
সরকারে,5
সময়ও,5
উত্থাপন,5
স্বয়ংক্রিয়,5
বানোয়াট,5
ব্যাপকভাবে,5
করানো,5
বয়ান,5
প্রচারের,5
ব্যবস্থাও,5
ধারাবাহিকভাবে,5
জামায়াত,5
ষড়যন্ত্রের,5
ভূরাজনৈতিক,5
হাবিবুল,5
লক্ষ,5
প্রথমবারের,5
দলটির,5
বিচারকের,5
পাল্টা,5
করাকে,5
একে,5
স্বচ্ছতার,5
শৈশব,5
যুক্তরাজ্য,5
যুক্তরাজ্যের,5
সুস্পষ্ট,5
ক্ষোভ,5
পাঠিয়েছেন,5
সিভিল,5
মিজানুর,5
মৃধা,5
চরিত্র,5
পুনর্ব্যক্ত,5
পরিচালনায়,5
বাস্তবতা,5
সংকেত,5
মোস্তফা,5
ছিঁড়ে,5
প্রতিনিধিদের,5
কর্তৃক,5
বিষয়েও,5
ফেলেন,5
চাপের,5
সৌরবিদ্যুতের,5
সচিবদের,5
মার্কেটের,5
বিক্রেতারা,5
ক্রেতার,5
দেখেননি,5
দামের,5
খুঁজতে,5
তাগিদ,5
বিপজ্জনক,5
আগেও,5
দশকের,5
পৌঁছেছে,5
আকার,5
বিশ্লেষণে,5
প্রাধান্য,5
দিলেন,5
নোটিশে,5
১৮টি,5
রশীদ,5
ক্যাম্পাস,5
চুক্তিভিত্তিক,5
আধা,5
যোগদানের,5
ছাত্রদল,5
ডিরেক্টর,5
প্রোগ্রাম,5
পারস্পরিক,5
চিৎকার,5
সেকেন্ডের,5
আসামের,5
দৃশ্যের,5
আসাম,5
ট্রায়াল,5
আসেননি,5
বিচারাধীন,5
বলেই,5
নরেন্দ্র,5
প্রধানমন্ত্রীকে,5
একনেক,5
সুফল,5
অন,5
হজরত,5
কোড,5
সন্ধ্যার,5
টিকে,5
নাজমুল,5
ডন,5
অনন্য,5
সাহা,5
চট্টগ্রামে,5
হাম,5
শনাক্তের,5
গলফ,5
২১টি,5
কো,5
অধিদপ্তরে,5
মন্ত্রীর,5
কর্মজীবনে,5
অটোরিকশা,5
দেশি,5
হোসেনকে,5
বিধি,5
প্রকাশ্যে,5
সিন্ডিকেটের,5
ধারাবাহিকতায়,5
পরিধি,5
নিজেরা,5
নিরপেক্ষ,5
২০টি,5
ফয়েজ,5
কেমন,5
যাই,5
কিছুক্ষণ,5
যোগাযোগপ্রযুক্তি,5
ঠিকানায়,5
হয়রানি,5
স্থাপন,5
আঙুলের,5
কিছুই,5
গুরুত্বের,5
সাজানো,5
মেশিন,5
কেন্দ্রগুলো,5
তথ্যপ্রযুক্তি,5
রূপপুর,5
বিদ্যুৎকেন্দ্রে,5
আনাম,5
সংখ্যাগরিষ্ঠতা,5
ভোটের,5
সভাকক্ষে,5
পার্টি,5
পদটির,5
পরামর্শে,5
বিবেচনার,5
বিবেচিত,5
চিকিৎসকদের,5
হামিদ,5
সমান,5
মাসিক,5
পরিসর,5
মর্যাদার,5
নামঞ্জুর,5
নারায়ণগঞ্জের,5
ঘরের,5
মোবারক,5
করতেই,5
ছুড়তে,5
ভ্রমণ,5
পরিবেশগত,5
উৎসবে,5
ভাবনা,5
কৌশল,5
ডটকম,5
কওমি,5
সেরা,5
সিনেট,5
পর্ব,5
স্বায়ত্তশাসন,5
টেস্ট,5
আওতাধীন,5
গ্রাহকেরা,5
শাখায়,5
চন্দ্র,5
পেরে,5
সাশ্রয়ী,5
গণনা,5
ফখরুলকে,5
প্রতিনিধিত্ব,5
পাহাড়ের,5
বোনকে,5
তুলনা,5
শিশুটিকে,5
জঙ্গলে,5
স্থিরচিত্র,5
ওয়ার্ডের,5
খেলতে,5
গর্তে,5
ঘটনাও,5
বাগেরহাটের,5
রামপাল,5
নারায়ণগঞ্জ,5
পাইপলাইনে,5
পারছেন,5
স্বত্বাধিকারী,5
চাপে,5
প্রতিবেদক,5
বনে,5
আদর্শ,5
পার্কে,5
মাথা,5
মারাত্মক,5
পাঁচজনের,5
দানের,5
সংযোজন,5
ভোগাধিকার,5
স্বেচ্ছায়,5
কোরআন,5
মুক্তি,5
বললে,5
কোনোটি,5
জরিপ,5
জটিল,5
মিঞা,5
বিক্রেতাদের,5
দাবির,5
জালিল,5
রাহিমি,5
বেতনকাঠামোয়,5
আরোপ,5
আদেশের,5
বিপক্ষে,5
তামিম,5
অতিক্রম,5
ইউনিকো,5
কলমে,5
অ্যালামনাই,5
করপোরেট,5
গুতেরেস,5
সংঘাত,5
প্রতিষ্ঠানগুলো,5
ব্যর্থ,5
ভয়,5
হাওলাদার,5
অভিনেত্রী,5
উত্তম,5
কয়েকজনকে,5
মিয়ার,5
সংশ্লিষ্টদের,5
স্বয়ংক্রিয়ভাবে,5
অফিশিয়াল,5
দিনই,5
তখনই,5
খেয়ে,5
পড়েছিল,5
সামান্য,5
খাইতে,5
একেবারেই,5
ঘটনাগুলো,5
পরিসংখ্যান,5
সাইটটি,5
জীবনে,5
রুম,5
ছাত্রদের,5
আজও,5
জীবনকে,5
বাধাগ্রস্ত,5
শ্রমিকের,5
প্রশ্নোত্তর,5
উত্থাপিত,5
আরবে,5
নিচ্ছে,5
স্বেচ্ছাসেবক,5
সেগুলোর,5
ওঠেন,5
হোটেল,5
পৌরসভা,5
নির্বিচার,5
বিআইএফএফএলের,5
আনোয়ারুল,5
পিবিআইয়ের,5
মারধর,5
পুষ্টি,5
নামিয়ে,5
সাপ্তাহিক,5
প্রভাবে,5
আইইডিসিআরের,5
ব্যবস্থাকে,5
প্রতিরোধের,5
হাসপাতালগুলোতে,5
বয়সীদের,5
সেমিনারের,5
সমন্বয়ের,5
সুন্দর,5
সেশনে,5
ধারাবাহিক,5
ব্যবহারিক,5
সমতা,5
দ্বিগুণের,5
ভাইরাসের,5
চিকিৎসায়,5
পরপরই,5
ঘনত্ব,5
সর্বনিম্ন,5
কীটতত্ত্ববিদ,5
ঘাটতির,5
১১টায়,5
রক্ত,5
রেট,5
কমিটিতে,5
মুদ্রার,5
আহামদ,5
প্রস্তাবটি,5
নেওয়াজ,5
ঘোষিত,5
হলফনামায়,5
সিদ্দিক,5
মজুমদার,5
স্বজনেরা,5
বিরোধ,5
দুঃখজনক,5
অস্ট্রেলিয়ার,5
লড়াই,5
নদী,5
করবর্ষের,5
মুহম্মদ,5
বিরোধিতা,5
অর্থদণ্ড,5
আখতার,5
অর্ধেক,5
রক্ষণাবেক্ষণের,5
ছুটির,5
কুইজে,5
আনিসুল,5
সিঙ্গাপুর,5
পৌনে,5
ইলেকট্রিক,5
ছাদ,5
যুবক,5
কমায়,5
জনগণ,5
কিলোমিটারে,5
উদ্যোক্তারা,5
অচেনা,5
প্রাণঘাতী,5
মিছিলের,5
তখনো,5
মেটাতে,5
আইসিইউ,5
নিয়েছিল,5
বিডিআর,5
সেখানকার,5
লাশের,5
অবশিষ্ট,5
পাচারের,5
বিইআরসির,5
সংস্থাকে,5
বাজারজাত,5
খতিয়ে,5
পুরকৌশল,5
বিশ্বকাপের,5
তাসনিম,5
ফ্যান,5
কণ্ঠে,5
মোস্তাফিজুর,5
এসইউভি,5
একা,5
ভাবা,5
বাবুল,5
সরকারও,5
ঘটেনি,5
খোঁজখবর,5
রশিদুজ্জামান,5
ইনভেস্ট,5
আশিক,5
ব্যক্তিত্ব,5
পিছিয়েছে,5
ফিল্ড,5
ফ্যাক্টরি,5
ওয়েবসাইট,5
যানজট,5
স্টেশনের,5
আওতাভুক্ত,5
মোটর,5
ডিস্ক,5
ব্রেক,5
অ্যান্টি,5
পরিবহনের,5
মতোই,5
সমাজে,5
প্রামাণ্যচিত্র,5
স্মারকলিপি,5
মাহদী,5
সচিবালয়ের,5
মেরে,5
ক্রেডিট,5
চলাচলে,5
স্থাপনায়,5
চালিয়েছে,5
ছয়টার,5
রাসেলের,5
কর্তৃপক্ষকে,5
গ্রস,5
ইসরায়েলের,5
অতীতে,5
ব্যয়বহুল,5
উদ্যাপন,5
ঐতিহ্য,5
ইউরোপের,5
নৌবাহিনীর,5
বিছানায়,5
করের,5
বিশেষজ্ঞেরা,5
রাখেন,5
প্রক্রিয়ার,5
১১টি,5
বঙ্গভবনে,5
সুইজারল্যান্ড,5
ডায়াবেটিসের,5
হরমোন,5
পায়ে,5
চাকরিতে,5
১৩তম,5
কবিকে,5
অ্যাভিনিউ,5
বিস্ফোরক,5
দ্রব্য,5
ডেথ,5
তত্ত্বাবধায়ক,5
ধনী,5
স্টেশন,5
জে,5
ডিফেন্স,5
পরেও,5
ম,5
উদ্দিনকে,5
দিলেই,5
অসদাচরণ,5
চরম,5
মধু,5
মদিনা,5
ক্ষতস্থান,5
ফ্যাসিবাদী,5
কোর্টে,5
উনি,5
আইনজীবীদের,5
কিশোরদের,5
অভ্যাস,5
প্লাজার,5
অক্টোবরে,5
অপহরণের,5
অ্যান্ডা,5
ইমরুল,5
নিধনে,5
নোভালিউরন,5
লার্ভিসাইড,5
চক্রে,5
অনুমোদনে,5
পাঠায়,5
দুয়ানী,5
নৌকায়,5
নদীতে,5
প্রবাহিত,5
ওমরকে,5
কর্তব্যরত,5
পলিসি,5
মার্চে,5
স্বপ্না,5
মনিরুজ্জামান,5
মুক্তিযুদ্ধের,5
পবিত্র,5
রোকেয়া,5
গোল,5
আশপাশ,5
প্লাজা,5
ব্যয়ে,5
কমলাপুর,5
বাসে,5
পাতাল,5
সামছুল,5
প্রারম্ভিক,5
ফুলবাড়ী,5
শিক্ষানীতি,5
ফুটেজ,5
আইনজীবীকে,5
কিরগিজস্তানের,5
ছবিও,5
কার্পেটিং,5
পিএমওএস,5
টেক,5
মিয়ানমারে,5
ইইউ,5
টোল,5
ফোরথিং,5
মস্কোয়,5
সিএনজিচালিত,5
জব্দ,5
পেশাজীবীদের,5
উজিরপুর,5
অনুবিভাগ,5
ক্যাডাররা,5
মধুর,5
দেশটিতে,5
মুইজ্জু,5
ব্রাইব,5
ফ্রি,5
প্রাণিসম্পদ,5
পরিদর্শনে,5
উঁচু,5
নিচু,5
জলাবদ্ধতা,5
অটোরিকশার,5
টেকনিক্যাল,5
মোড়ের,5
সড়কেও,5
লালনের,5
লালবাগ,5
অভিযানে,5
আকৃষ্ট,5
কাণ্ডারী,5
হুঁশিয়ার,5
ছুরিকাঘাতে,5
অনিকের,5
অজ্ঞাতপরিচয়,5
বাপার,5
বুস্টার,5
কিশোর,4
অভিভাবকদের,4
উচ্ছ্বাস,4
ভরে,4
সানারিজ,4
পরিবেশনায়,4
শিক্ষার্থীদেরও,4
স্টুডেন্ট,4
মুহূর্ত,4
পাকিস্তানি,4
পূর্তির,4
আলমের,4
লিডারশিপ,4
মেধাবী,4
আয়োজকেরা,4
সৃজনশীল,4
পরিবারগুলোর,4
মোটরযানের,4
শামস,4
স্বার্থসংশ্লিষ্ট,4
একান্ত,4
অস্থিতিশীল,4
রাজারবাগ,4
লুট,4
এটাকে,4
খুলনার,4
খুন,4
ইন্টেলিজেন্স,4
মনজুর,4
মোর্শেদ,4
খোন্দকার,4
তরলীকৃত,4
বাস্তবতায়,4
নির্ভরশীল,4
খাতেও,4
ফার্নেস,4
অপচয়,4
রোধে,4
ব্যবস্থাপনার,4
অদক্ষতা,4
স্থাপত্য,4
আমলাতন্ত্র,4
পেশাজীবী,4
হাসিব,4
পারব,4
প্লাজায়,4
মাসব্যাপী,4
পর্যায়েও,4
শিক্ষার্থীর,4
দিই,4
আবর্জনা,4
রাখি,4
দেখলে,4
গোলটেবিল,4
বক্তারা,4
দলকে,4
ফাঁদে,4
নেয়নি,4
সংস্কৃতির,4
মঞ্জুরি,4
কাটিয়ে,4
ম্যানেজমেন্ট,4
নর্থ,4
সাউথ,4
গণতন্ত্র,4
বিজেপি,4
ঝা,4
গঙ্গার,4
রক্ষার,4
জানিয়েছিলেন,4
অংশীদারদের,4
খাওয়ার,4
প্রয়োজনীয়তা,4
সেটাই,4
আদায়ে,4
বুদ্ধিমত্তা,4
শিরোনাম,4
প্রম্পট,4
ঘটনাটিকে,4
সুমন,4
নিয়মিতভাবে,4
নেটওয়ার্কের,4
অর্থায়নের,4
অ্যানথ্রপিকের,4
শনাক্তকরণ,4
আক্রমণাত্মক,4
চেয়েছিলেন,4
এমনভাবে,4
দর্শকের,4
ইউটিউব,4
সাজিয়ে,4
স্বার্থের,4
সঞ্চালনা,4
পাঠ,4
শুভ,4
জন্মদিন,4
ছয়জনের,4
হননি,4
শুট,4
টেকনোক্র্যাট,4
তুলেছে,4
অনৈতিক,4
অনাকাঙ্ক্ষিত,4
মন্ত্রণালয়কে,4
উষ্ণ,4
অংশীদারত্বের,4
অভিনয়শিল্পী,4
শিল্পের,4
কাঠামোর,4
রচনা,4
মিন্টু,4
শক্তির,4
অভিনয়,4
আযমকে,4
ঘটনাকে,4
খাল,4
সৌর,4
করতেও,4
আলোচ্যসূচিতে,4
ফেলতে,4
চাকরিজীবী,4
কেজির,4
বাজেট,4
ফেলেছে,4
আনিছুর,4
দায়ী,4
ক্ষুদ্র,4
দূষণ,4
চাঁদপুরের,4
আড়ত,4
যুগের,4
বন্দর,4
পারত,4
আকারের,4
সমীক্ষা,4
সর্বোপরি,4
যেটা,4
আহমেদকে,4
জিজ্ঞাসাবাদের,4
সেগুনবাগিচায়,4
অনুলিপি,4
কাশেম,4
পেশা,4
পরিচিতি,4
সৌজন্য,4
কান্ট্রি,4
রিফাত,4
উদ্দিনের,4
ঢলের,4
লোকজনের,4
বেশিবার,4
সীমান্তে,4
হাতির,4
চ্যানেলে,4
ঘটনাস্থল,4
আশ্রয়,4
বেয়ে,4
ধারাবাহিকতা,4
যোগাযোগমাধ্যমের,4
প্রতিবেদনও,4
নাজনীন,4
অন্যায়,4
প্রসিকিউটরের,4
শুভকামনা,4
সুস্বাস্থ্য,4
অবশেষে,4
শোধনাগার,4
বিতর্কিত,4
প্রকল্পটির,4
কোনোভাবে,4
অ্যারাইভাল,4
ট্রানজিট,4
ভিসার,4
পুরোদমে,4
২৩তম,4
ডি,4
শাস্তি,4
ডারউইনে,4
জয়ের,4
খল,4
আশরাফুল,4
দ্রৌপদী,4
মুর্মু,4
আলমগীরের,4
ঘনিষ্ঠ,4
অংশীদারত্ব,4
রুলের,4
বাধার,4
প্রমুখ,4
কাদেরসহ,4
উসকানি,4
৮টা,4
প্রাদুর্ভাবের,4
কুইজ,4
গ্রেপ্তারের,4
তহবিল,4
স্বীকৃতিস্বরূপ,4
সাতটার,4
যোগদান,4
পরোক্ষভাবে,4
পরিপত্রে,4
দাপ্তরিক,4
হত্যাকাণ্ড,4
রাজাকারদের,4
তালিকার,4
বিধিবিধান,4
প্রশাসনকে,4
পিএইচডি,4
রাজনৈতিকভাবে,4
বাজেটে,4
সরেজমিনে,4
জন্মনিবন্ধন,4
সেবাকেন্দ্রে,4
দালাল,4
চলা,4
নিজেরাই,4
প্রত্যাশিত,4
গ্রিডে,4
ভালভ,4
নিরীক্ষার,4
আসাদ,4
আনুষ্ঠানিকতা,4
সংবিধানে,4
সুতরাং,4
একদিকে,4
ডনকে,4
দক্ষিণের,4
এদিন,4
মামলাটির,4
সামিরা,4
আজিজ,4
ডেভিড,4
জাভেদ,4
রেজভি,4
সেতুর,4
বিপর্যয়ের,4
ছাদে,4
গলা,4
জানুয়ারিতে,4
করো,4
গুলিতে,4
আহসানকে,4
হুসাইন,4
তামীম,4
ট্রাভেল,4
ফেরেন,4
সৃজনশীলতা,4
কর্মশালা,4
প্রকৃতির,4
সমসাময়িক,4
পরিবেশবিষয়ক,4
এনভায়রনমেন্টাল,4
পরিবেশবান্ধব,4
থেমে,4
কর্মশালায়,4
অ্যাসিস্ট্যান্ট,4
পার্টনার,4
বিদেশের,4
বিলটি,4
নওয়াব,4
অর্থে,4
মেধা,4
স্ত্রীকে,4
যুক্তরাষ্ট্রে,4
বাংলাদেশসহ,4
ফিরেছেন,4
এরই,4
পপ,4
তারকা,4
আকিজবশির,4
বনানী,4
বাংলামোটর,4
ফিউচার,4
আউটলেট,4
আবদুর,4
ক্রেতাদের,4
ক্রেতারা,4
অফার,4
প্রতিদ্বন্দ্বিতা,4
হুইপ,4
লাল,4
খসরু,4
চ্যাম্পিয়ন,4
তাহমিনা,4
বিজনেস,4
ব্যবসার,4
বেঁধে,4
নীল,4
শার্ট,4
শিশুটি,4
অধিক,4
ভিয়েতনামের,4
পঞ্চম,4
প্রচণ্ড,4
পৌরসভার,4
আসছেন,4
মহেশখালীতে,4
পারছে,4
ময়মনসিংহের,4
ভালুকা,4
বাড়লে,4
সংলগ্ন,4
কারখানার,4
মোল্লা,4
অভাবে,4
বাড়ায়,4
তথ্যও,4
স্থাপিত,4
গবেষণাটি,4
সংরক্ষণের,4
একর,4
জীববৈচিত্র্য,4
সন্ধান,4
হেক্টর,4
বসবাসের,4
গাছ,4
পাখি,4
সংরক্ষণে,4
মাটিতে,4
জোন,4
ইশতিয়াক,4
আমিনকে,4
জঙ্গি,4
হালিমা,4
মাহাবুব,4
স্বজন,4
দাতার,4
মাকে,4
অস্থাবর,4
বিনিময়,4
ভোগ,4
দাদি,4
নাতি,4
নিবন্ধনের,4
মসজিদ,4
হেফাজতে,4
সম্মতি,4
জনসংখ্যার,4
সম্প্রচারমন্ত্রী,4
কনসার্ট,4
কালচারাল,4
সংঘর্ষ,4
চাপা,4
ধাক্কা,4
চালকদের,4
দক্ষ,4
মাটি,4
দাগের,4
বসবাস,4
দখলে,4
জমিতে,4
অবৈধভাবে,4
গড়তে,4
বললেও,4
গাড়িচালক,4
জরিমানার,4
একরামুল,4
আনোয়ার,4
এমপি,4
কমান্ডার,4
সাক্ষাতের,4
ভাতাসহ,4
ভেনিস,4
আকর্ষণ,4
অস্থির,4
মহিবুল্লাহ,4
আসাদুর,4
অজ্ঞাতনামা,4
বিঘ্নিত,4
ব্যাচেলর,4
প্রয়োগের,4
প্রশিক্ষণের,4
পরিষদ,4
৮১তম,4
৮০তম,4
বিদায়ী,4
লাখো,4
পতন,4
গোসল,4
আজমেরী,4
বার্তায়,4
শারীরিকভাবে,4
বাঁধনকে,4
মাধ্যম,4
মাদারীপুর,4
উপস্থিতির,4
কাজই,4
ছাত্রসংগঠনের,4
আলাদাভাবে,4
আজমল,4
কিনেছেন,4
চুলার,4
এলেও,4
খরচের,4
প্রধানত,4
অনুপ্রাণিত,4
ডট,4
প্রাইভেট,4
এতটাই,4
বিরক্ত,4
তৈরিতে,4
অনুপস্থিতিতে,4
তিনটায়,4
কুমিল্লা,4
সরঞ্জামের,4
প্রতিবেশগত,4
সৈকতের,4
রুলে,4
ব্যর্থতা,4
আবেদনটি,4
আশরাফ,4
অভিযোগটি,4
অঙ্কের,4
অস্বীকৃতি,4
জিরো,4
খেলাপি,4
পদত্যাগপত্রে,4
গ্রেপ্তারি,4
ম্যালেরিয়ায়,4
পুষ্টিসহায়তা,4
পুষ্টিকর,4
যাদের,4
সংক্রমিত,4
জনস্বাস্থ্যবিদ,4
রোগীকে,4
ডায়াগনস্টিক,4
পরিকল্পনাও,4
পরিবর্তে,4
হাসিনাকে,4
সম্মেলনকক্ষে,4
সাংবাদিকের,4
এককালীন,4
ব্যবস্থাপনায়,4
খাদ্য,4
রোগনিয়ন্ত্রণ,4
কন্ট্রোল,4
ইনফ্লুয়েঞ্জায়,4
অসুস্থতা,4
জাকির,4
সাজেদা,4
রেজিলিয়েন্স,4
শামারুহ,4
কোথা,4
কাজটি,4
অ্যাসিড,4
তবু,4
মাত্রায়,4
বাড়লেও,4
প্রাদুর্ভাব,4
মাত্রার,4
সেপ্টেম্বরের,4
বিষয়ের,4
মোকাবিলার,4
জরিপে,4
প্রাণিবিদ্যা,4
নিয়মে,4
মাসেই,4
দেখিনি,4
পরিপন্থী,4
শিডিউল,4
দূরত্ব,4
বাজারদর,4
নির্মাণসামগ্রীর,4
ব্যুরো,4
সদস্যসচিব,4
শিগগিরই,4
নির্ধারণে,4
বিশ্বব্যাংকের,4
দরপত্রে,4
অজ্ঞাত,4
তাড়া,4
হাসিনাসহ,4
সেটিতে,4
টাঙ্গাইল,4
দুজনের,4
শহীদদের,4
রেখেছেন,4
জনসাধারণের,4
আফরিন,4
পরিবর্তিত,4
প্রতিষ্ঠানকে,4
সাময়িকভাবে,4
ইমরান,4
বিষয়টির,4
জিজ্ঞেস,4
কার্যতালিকা,4
সামাদ,4
আশ্বস্ত,4
পুনঃশুনানি,4
বেঞ্চের,4
নিষ্পত্তির,4
বেঞ্চে,4
হুসেইন,4
সিদ্দিককে,4
বাদীপক্ষের,4
কারাদণ্ডের,4
পে,4
৩টি,4
লোডশেডিংয়ের,4
দুবার,4
১১টা,4
২টা,4
২৪টি,4
কমিয়েছে,4
বিশ্বকাপ,4
জিনিয়াস,4
শুভ্র,4
প্রতিবন্ধকতা,4
প্রতিযোগিতামূলক,4
স্থানীয়ভাবে,4
যন্ত্রাংশ,4
রেলওয়ে,4
বিশ্বজুড়ে,4
স্টাডিজ,4
রকমের,4
সমুদ্রে,4
অক্সিজেনের,4
প্ল্যান্ট,4
স্টিল,4
মেনন,4
নিয়েছিলেন,4
নিরীহ,4
দৃশ্যমান,4
বিএফআইইউ,4
রিপোর্ট,4
মাদকের,4
সংলাপে,4
সংলাপের,4
সঠিকভাবে,4
বিক্রেতার,4
পরিবেশক,4
ল্যাব,4
সঞ্চালনায়,4
বুয়েটের,4
সাম্প্রদায়িক,4
ষ্টারের,4
এলইডি,4
মোহিত,4
চক্রবর্তী,4
ভাবতে,4
শিখতে,4
পত্রিকায়,4
আলোচক,4
এডিটর,4
ইলাহীর,4
মক্কেল,4
ভাতাও,4
ভেহিকেল,4
পুলে,4
শত,4
দেখি,4
করিনি,4
ফটোকার্ডে,4
সরবরাহব্যবস্থায়,4
আশাবাদী,4
ইব্রাহিম,4
সেখানেই,4
বিবৃতি,4
অসাধু,4
লিপ্ত,4
ফরেন,4
সিস্টেম,4
ক্ষুণ্ন,4
যোদ্ধাদের,4
৪২৩টি,4
শিক্ষকেরা,4
লাভজনক,4
শহীদুল,4
কোটির,4
মিল্লাত,4
টার্মিনালের,4
কেরানীগঞ্জের,4
মরদেহের,4
অপপ্রয়োগের,4
ধারার,4
শীর্ষস্থানীয়,4
অংশীজনদের,4
ক্ষমতায়নের,4
ডাকা,4
এসেছি,4
শামা,4
জুবাইদা,4
নিউইয়র্কে,4
রাইটস,4
উচ্চশিক্ষা,4
ফারুকী,4
তদন্তকারী,4
খাপ,4
নতুনভাবে,4
ঘুম,4
সারি,4
সময়মতো,4
গন্তব্যে,4
ইভি,4
সুবিধাজনক,4
উদ্যোগটির,4
এনেছে,4
ফিচার,4
অ্যাম্পিয়ার,4
আওয়ার,4
গতিতে,4
পাংচার,4
টায়ার,4
ধোবাউড়ার,4
সদরের,4
খামার,4
উঠানে,4
অধিকারের,4
সংগ্রাম,4
উমর,4
মুক্তিযুদ্ধ,4
প্রস্তাবের,4
সফলতার,4
সাইফ,4
কার্যক্রমকে,4
উপ,4
প্রণালি,4
দেশগুলো,4
রানার,4
বুলবুল,4
লক্ষণ,4
দাও,4
দেব,4
গণশুনানিতে,4
হিসাবের,4
বেঞ্চমার্ক,4
সংকুচিত,4
পৃথককরণ,4
রেখেছে,4
ব্যুরোর,4
কম্বোডিয়ার,4
বৃদ্ধের,4
বিক্রয়,4
উৎসে,4
এক্স,4
সূত্রগুলো,4
অপরাধীদের,4
অংশীদার,4
পাই,4
নৌবাহিনী,4
পাঠিয়ে,4
উচ্চতর,4
ডায়াবেটিক,4
দেখার,4
জামান,4
লাগার,4
চেয়েছে,4
হিসাবটা,4
ইনক্রিমেন্টের,4
বৈশাখী,4
সাহিত্য,4
প্রিয়,4
মুক্তিযোদ্ধা,4
অংশটি,4
উল,4
রবির,4
সেবাটি,4
স্পেস,4
নিখোঁজের,4
শিশুরা,4
ভুলে,4
দেখেছি,4
চেয়ারম্যানকে,4
পাঠ্যক্রম,4
জিডিপি,4
কোর্স,4
ব্যক্তিত্বের,4
সেনানিবাসে,4
মহান,4
উন্মোচন,4
যুদ্ধবিমান,4
ড্রোন,4
মারধরের,4
শিরোনামে,4
নেতিবাচক,4
অবহেলার,4
শামিল,4
রিটে,4
ইচ্ছা,4
ষষ্ঠ,4
খাঁটি,4
আম,4
বিজ্ঞাপন,4
আকিজ,4
মেলামাইন,4
সোলিয়া,4
ওক,4
ক্ষতস্থানে,4
ফরিদপুর,4
প্রসব,4
যক্ষ্মায়,4
কমপ্লেক্সে,4
ওটি,4
জন্মের,4
প্রকোপ,4
বিভাগকে,4
করণীয়,4
নজরে,4
আইনজীবীর,4
পাঠাগার,4
পড়তেন,4
জনবান্ধব,4
অচেতন,4
ফ্যামিলি,4
রূপান্তরিত,4
রিভিশন,4
ফরিদুল,4
ফিলিপ,4
শিকদার,4
বিশেষায়িত,4
মেয়র,4
ফগিং,4
সিঙ্গাপুরের,4
ডিএসসিসিতে,4
টেমিফস,4
উড়ন্ত,4
অনুরোধে,4
শিথিল,4
মিয়ানমারের,4
মালিকেরা,4
বোয়েসেলের,4
সুলতান,4
প্রতারিত,4
বন্দী,4
ভর্তুকি,4
লাভবান,4
কার্গোর,4
ক্রয়াদেশ,4
খাতসংশ্লিষ্ট,4
নদে,4
সুন্দরবন,4
বইপড়া,4
প্রজন্মকে,4
বইটি,4
বিশ্বমানের,4
ড্যাফোডিল,4
হংকংয়ের,4
ব্যাটালিয়ন,4
ডান,4
ছুটি,4
রিপোর্টার্স,4
ছবিসহ,4
বোনের,4
সেটাও,4
কক্ষে,4
জেনে,4
প্রতিবাদে,4
ইন্না,4
কণ্ঠ,4
স্বপ্নের,4
দিল,4
আইসক্রিম,4
মতিন,4
মাইলফলক,4
বাসস্ট্যান্ড,4
ভবনটি,4
চলাচলকারী,4
উড়াল,4
জাইকা,4
শৈশবকালীন,4
স্তরের,4
সিগারেটের,4
ফুলবাড়ীতে,4
লন্ডন,4
শেয়ারের,4
পদ্ধতিতে,4
উত্তোলন,4
পেন্স,4
একদল,4
আজাদের,4
পাকিস্তানে,4
শিক্ষায়,4
উপমহাপরিদর্শক,4
মাইনুল,4
রেঞ্জের,4
জননিরাপত্তা,4
তুরস্কের,4
এনফোর্সড,4
বাণী,4
তিলাওয়াত,4
চারপাশের,4
নেপালি,4
উদ্বোধনের,4
জনসচেতনতামূলক,4
এবি,4
নাগরিককে,4
কার্ডের,4
মুদ্রণ,4
দেখছে,4
রাবারাইজড,4
পিসিওএস,4
এফএসএসবির,4
মারুফ,4
পাড়ি,4
বিএসপি,4
বিআরটিএ,4
রিডার,4
জালিয়াতির,4
রাজউক,4
কৃষকের,4
দলে,4
রুহিন,4
লাগিয়ে,4
জেদ্দায়,4
ফারহান,4
আমন্ত্রণ,4
আমুর,4
হিটু,4
মাগুরা,4
অংশগ্রহণের,4
মেস,4
পল্টন,4
উদ্দীন,4
চেতনা,4
তরুণীকে,4
ঠিকভাবে,4
সানি,4
ষড়যন্ত্র,4
জেনারেলের,4
মাঠ,4
আস্থাভাজন,4
নাছিম,4
গণভবনে,4
রাজাকারের,4
রুখে,4
ডব্লিউএইচও,4
দেশেও,4
আইওএম,4
পেইড,4
সংগঠনটির,4
প্রজনন,4
জেলেদের,4
রায়েরবাজার,4
লোহার,4
ফুট,4
লেনের,4
পিচ,4
যানবাহনকে,4
ধানমন্ডি,4
ব্লকের,4
ভাঙাচোরা,4
এলিভেটেড,4
পথচারীদের,4
নালা,4
লালন,4
পরিপক্ব,4
আটকা,4
শিরিন,4
এমডির,4
বঙ্গভঙ্গ,4
লেফটেন্যান্ট,4
নকশায়,4
শপিংয়ের,4
শাহজাদা,4
ফরাজী,4
রনজিলা,4
মেডেল,3
হাসি,3
ট্যালেন্ট,3
জুয়েলের,3
বৈচিত্র্যময়,3
এলিমেন্টারি,3
টুয়েলভ,3
হার্ভার্ড,3
মোস্ট,3
বেস্ট,3
ড,3
ক্লাস,3
সানারিজের,3
শিক্ষার্থীও,3
পথচলার,3
চৌধুরীকে,3
টিপু,3
অনার,3
একত্র,3
কৃতজ্ঞতা,3
পথচলায়,3
শো,3
ঐতিহ্যবাহী,3
পোশাকের,3
দর্শকদের,3
সমাপ্তি,3
অতিথিরা,3
নবায়নের,3
ট্যাক্স,3
সেতু,3
তিনজনের,3
তৎপর,3
ত্রৈমাসিক,3
উন্নতির,3
সাপোর্ট,3
চাঁদাবাজি,3
দেয়নি,3
পালনকালে,3
কোরিয়া,3
প্রথমত,3
দ্বিতীয়ত,3
চার্জিং,3
তৃতীয়ত,3
পরিবহনে,3
শিল্পকারখানায়,3
অদক্ষ,3
তরুণসমাজ,3
বিশ্বকে,3
উদ্যোগকে,3
সচেতনতামূলক,3
বিএনসিসি,3
ভাইরাস,3
প্রত্যেকে,3
বলবে,3
সমাজকে,3
দেশব্যাপী,3
গঠনমূলক,3
পদ্ধতিগত,3
ফোরাম,3
পরামর্শও,3
উত্তোলনে,3
জাতির,3
শিরীন,3
ফিরতে,3
পড়ছেন,3
সদিচ্ছা,3
কর্মপরিকল্পনা,3
আকর্ষণের,3
বহিঃপ্রকাশ,3
বিহার,3
শরিক,3
জেডিইউ,3
উদ্বেগের,3
আন্তমন্ত্রণালয়,3
শিল্পকারখানার,3
দৃষ্টিভঙ্গি,3
রেখেই,3
স্বস্তির,3
আন্তরিকভাবে,3
অ্যাকাউন্ট,3
ছড়ানো,3
যোগাযোগের,3
সীমাবদ্ধতা,3
মডেলে,3
সমর্থকদের,3
ঠিকানা,3
হিট,3
দলগুলোর,3
থ্রি,3
কনটেন্টের,3
বিচারপতিকে,3
রেজিস্ট্রার,3
অনুচ্ছেদ,3
গনির,3
৪৮তম,3
নিবেদন,3
নিরাপত্তাবেষ্টনী,3
জড়ো,3
দলটি,3
ডিজি,3
সাহেদ,3
জাকারিয়া,3
জাহিদুল,3
খাওয়া,3
হাজতখানায়,3
হাজিরা,3
সাংবাদিকতা,3
আত্মঘাতী,3
কোটায়,3
পতিত,3
চর্চার,3
সংবাদকর্মীদের,3
ইউনিসেফের,3
দুর্গম,3
ব্রেন্ট,3
ক্রিস্টেনসেন,3
সার্জন,3
উদ্ভাবনকে,3
সম্প্রসারণে,3
প্রতিশ্রুতিবদ্ধ,3
আলিয়ঁস,3
প্রযোজক,3
জসীম,3
নির্মাতা,3
আরিফুর,3
চলচ্চিত্রের,3
প্রদর্শনীটি,3
মৃধার,3
পরিবারে,3
মধ্যকার,3
উপায়,3
প্রলোভন,3
শাহবাগ,3
জানিয়েছি,3
স্পষ্টভাবে,3
বিরুদ্ধেও,3
বায়তুল,3
আখ্যায়িত,3
নীতিনির্ধারণী,3
সচিবেরা,3
খননের,3
বিষয়ও,3
দ্বিতীয়বারের,3
গতবার,3
আলীর,3
গবেষকদের,3
খ্যাতনামা,3
সাগরে,3
চাঁদপুর,3
সমিতি,3
মণের,3
বেহুন্দি,3
অবতরণ,3
কনজ্যুমারস,3
পয়সায়,3
দেখেছে,3
মুখের,3
ইঙ্গিত,3
শফিউদ্দিন,3
পরিচয়পত্রের,3
অপরিহার্য,3
সেনাবাহিনীর,3
সুবিধার,3
ইউআইইউ,3
রাজা,3
ক্লাসে,3
মনোযোগী,3
ত্যাগের,3
যেটি,3
জোরদারের,3
উপস্থাপনা,3
কর্মক্ষেত্রে,3
অন্যটিতে,3
সন্তানসহ,3
পাথরখণ্ডের,3
প্রবল,3
স্রোতের,3
স্রোতে,3
ভিডিওটিকে,3
ফ্রেম,3
পোর্টাল,3
তুমুল,3
পোস্টের,3
সংস্থায়,3
ট্রাইব্যুনালকে,3
সুবিচার,3
মিজানুল,3
আনলেন,3
জন্মদিনের,3
মোদি,3
পথচলা,3
নভেম্বরের,3
ইস্টার্ন,3
ইআরএল,3
সচিবকে,3
খবরে,3
আতঙ্ক,3
ভ্রমণকারীরা,3
ইমিগ্রেশন,3
ফরম,3
জোড়া,3
পড়াবেন,3
কায়সার,3
বাইরেও,3
ইকোনমিক,3
ডে,3
তাদেরও,3
প্রশ্নটা,3
ভাঙার,3
আপনাকে,3
মেয়াদের,3
সনাতনী,3
জাগরণ,3
অ্যাবসলিউট,3
ভাঙচুর,3
ভট্টাচার্য,3
সুজন,3
রাষ্ট্রদ্রোহের,3
দুটিতে,3
পেলেন,3
পতাকা,3
বিজ্ঞপ্তির,3
সন্দেহজনক,3
পরিসংখ্যানে,3
সবই,3
ইয়ুথ,3
ইন্টার,3
বল,3
টেবিল,3
প্রতিযোগিতায়,3
ক্লাবের,3
ওয়াহিদুজ্জামান,3
পেনশনভোগী,3
র্যাঙ্ক,3
জীবনযাত্রার,3
সন্ত্রাসীদের,3
হত্যাকাণ্ডে,3
পাইপ,3
নিষ্ঠা,3
কোচিং,3
পরিপত্র,3
বিচারকদের,3
পদবি,3
সম্পাদন,3
দৃষ্টিকোণ,3
তুলেছেন,3
বার্তাকক্ষে,3
জাতীয়তাবাদী,3
ছাত্রসংগঠন,3
মূল্যায়নের,3
শিক্ষককে,3
কতটি,3
পাঠদানের,3
ভিন্নতা,3
জটিলতার,3
রাজনীতির,3
উপদেষ্টার,3
মোহাম্মদপুরে,3
তলার,3
বসতেন,3
আশায়,3
কেন্দ্রটি,3
সকল,3
ইন্টারনেট,3
নীলক্ষেত,3
বনশ্রী,3
উত্তরার,3
দিয়েই,3
ভিন্নভাবে,3
তাড়াহুড়া,3
ভালভের,3
সি,3
ডেটা,3
রেহান,3
দরবার,3
তৃতীয়াংশ,3
দুইটা,3
অন্যরা,3
ঊর্ধ্বে,3
অন্যটি,3
অনুচ্ছেদের,3
ক্ষেত্র,3
দণ্ড,3
অসদাচরণের,3
অপসারণের,3
অভিশংসনের,3
সীমাবদ্ধতার,3
এখানেই,3
অনুসরণের,3
গঠনে,3
শাহকে,3
আসামিপক্ষের,3
রমনা,3
লেন,3
আত্মসমর্পণ,3
দে,3
পরই,3
গণ্য,3
প্রাথমিকভাবে,3
যাওয়ায়,3
ঘোরাঘুরি,3
অংশগ্রহণকারীরা,3
১২টি,3
প্রান্তের,3
তরুণেরা,3
উপস্থাপনার,3
যাত্রায়,3
সমস্যাটি,3
মুকুট,3
শিক্ষাবর্ষের,3
ডিনস,3
কোষাধ্যক্ষ,3
উচ্চশিক্ষাকে,3
দায়িত্বও,3
জ্ঞানচর্চা,3
হাসানের,3
বগুড়ার,3
অভিবাসী,3
সীমা,3
শরীফুল,3
লন্ডনে,3
প্রেম,3
ভাইয়া,3
প্রোগ্রামের,3
ছাড়,3
আশাবাদ,3
আনন্দিত,3
নিউ,3
ব্যবধানে,3
রাজনীতিবিদ,3
ইসলামসহ,3
৫টা,3
ব্যালট,3
৬টি,3
সঙ্গেই,3
কোলাকুলি,3
জেড,3
জিএসইএ,3
আসরের,3
স্নাতক,3
খণ্ডকালীন,3
প্ল্যাটফর্মে,3
জঙ্গলের,3
হৃদয়বিদারক,3
হা,3
প্রোফাইলে,3
ছবিতে,3
স্বাধীনভাবে,3
মূলধারার,3
কান্নারত,3
সহানুভূতি,3
সবারই,3
ইনস্টাগ্রাম,3
দাবিটি,3
ভরা,3
গ্যাসক্ষেত্র,3
পুরোটা,3
সংস্থাগুলোকে,3
সার,3
ফিরেছে,3
গাজীপুরের,3
নরসিংদীর,3
শিল্পকারখানাগুলোয়,3
গার্মেন্টস,3
বৃহৎ,3
নরসিংদী,3
রাশেদুল,3
গাজীপুরে,3
ম্যানেজার,3
ডিস্ট্রিবিউশন,3
সাখাওয়াত,3
মিলেছে,3
আবাসস্থল,3
বানর,3
পাচারকারীদের,3
রেজা,3
সুরক্ষিত,3
চারপাশে,3
শরণার্থী,3
সম্প্রসারণ,3
কৃষিজমির,3
উপকূলীয়,3
বিলুপ্ত,3
রাখত,3
ভোগের,3
ধর্মভিত্তিক,3
পাসের,3
হেবা,3
দ্বারা,3
স্বীকৃত,3
গিফট,3
জীবদ্দশায়,3
অন্যকে,3
গ্রহীতার,3
হয়েও,3
আখ্যা,3
প্রত্যাহারের,3
সমাবেশে,3
সুরক্ষায়,3
মহিলা,3
বাধাবিঘ্ন,3
তথ্যমন্ত্রী,3
একমত,3
শতাংশই,3
৯টি,3
ইলেকট্রনিক,3
প্রতিবেদনটি,3
৬২টি,3
আঘাতের,3
ত্রুটিপূর্ণ,3
বেপরোয়া,3
মানা,3
প্রযুক্তিনির্ভর,3
ব্যবহারকারীদের,3
সরু,3
গা,3
পাহাড়তলী,3
প্রতিবেদকের,3
বিনিময়ে,3
আরেকটা,3
বরইতলীতে,3
মানিক,3
সম্পৃক্ততার,3
শফিউল,3
হাটহাজারী,3
ষড়যন্ত্রমূলক,3
রুবেল,3
চাঁদা,3
বদি,3
মিফতাহ,3
লতিফ,3
টেকনাফ,3
সংবাদপত্রে,3
চলেছে,3
চিন্তিত,3
সেঞ্চুরি,3
পেয়েছিলেন,3
হৃদয়,3
অভাব,3
সন্ত্রাসবিরোধী,3
মহিবুল্লাহকে,3
সহযোগীদের,3
রহস্য,3
জিজ্ঞাসাবাদ,3
কর্মস্থল,3
আইইউবিএটির,3
কাউন্সিলের,3
অর্জিত,3
পরিবেশে,3
শান্তিপূর্ণ,3
জাতিসংঘে,3
আনালেনা,3
প্রশংসা,3
দায়িত্বের,3
ক্রমবর্ধমান,3
অগ্রাধিকারের,3
প্রতিপাদ্য,3
কণ্ঠস্বর,3
শোনার,3
বিভাজন,3
সংঘাতের,3
বেয়ারবক,3
ধর্ষণের,3
পারভেজ,3
সেলিনা,3
ভেনিসে,3
বাংলাদেশটাকে,3
জয়,3
প্রতিহত,3
গায়ে,3
নিষিদ্ধঘোষিত,3
লিবিয়া,3
শাসাতে,3
শরীয়তপুরের,3
সারিতে,3
রুটিন,3
নথিতে,3
চারজনের,3
লক্ষ্যেই,3
গৃহিণী,3
এমনিতেই,3
পূরণে,3
সামিটের,3
কাটতে,3
শান্তা,3
ইট,3
মাঝখানে,3
দুইটায়,3
তিনটা,3
পালা,3
নম্বরের,3
জনপ্রতি,3
ঘটনাই,3
নিপীড়ন,3
জোরপূর্বক,3
প্ল্যাটফর্মটি,3
প্ল্যাটফর্মটিতে,3
প্রশ্রয়,3
বোঝাতে,3
সেভাবে,3
ভেবেছিলেন,3
চাচাতো,3
এটার,3
সত্যি,3
আত্মীয়ের,3
অপরিচিত,3
তোলে,3
হই,3
আমিও,3
লায়লা,3
স্পর্শ,3
লাগাতে,3
বিশ্বাসের,3
কর্মসংস্থানমন্ত্রী,3
টেবিলে,3
আসাদুল,3
ভারী,3
হোসেইন,3
কিনেছে,3
সেনাবাহিনী,3
ফায়ার,3
প্রশ্নটি,3
সুগন্ধা,3
বালিয়াড়িতে,3
আদেশটি,3
আইনজীবীরা,3
সমুদ্রসৈকতের,3
সায়মন,3
নো,3
জোনে,3
সচিবসহ,3
সৈয়দা,3
অবকাশ,3
জানিয়েছিল,3
ঢাল,3
জামিনের,3
এনবিআর,3
রহমাতুল,3
ছয়জনকে,3
এজাহারে,3
ছাড়ের,3
পর্ষদ,3
কেড়ে,3
জালিয়াতি,3
প্রদর্শনের,3
রোগীরা,3
প্ল্যান,3
ওপি,3
নওগাঁ,3
নিরবচ্ছিন্ন,3
৩০টি,3
শনাক্তে,3
দরিদ্র,3
প্রান্তিক,3
সিগন্যাল,3
হাইকমিশনারের,3
ইউরোপীয়,3
দ্রুততম,3
বিশ্বব্যাপী,3
আবহাওয়া,3
উপপ্রধান,3
কাশি,3
রোগতত্ত্ব,3
সম্প্রসারিত,3
ইমার্জেন্সি,3
বনানীর,3
পাঠশালা,3
জাতীয়ভাবে,3
ট্যাংক,3
মাঠের,3
নিকাশ,3
খায়,3
সামসুদ্দোহা,3
প্রত্যাশার,3
প্রকল্পগুলো,3
পরিসরে,3
লিঙ্গভিত্তিক,3
নীতিনির্ধারক,3
সাতটি,3
সেশন,3
শয্যার,3
একটিও,3
কেবিন,3
গুণের,3
রাজধানীতে,3
প্রথমবার,3
প্রতিরোধক্ষমতা,3
ঢেউ,3
জুনের,3
সেরোটাইপে,3
বরগুনা,3
পরিমাণে,3
সরে,3
বিআই,3
পাল্টাপাল্টি,3
জানি,3
করপোরেশনে,3
প্রত্যন্ত,3
এডিসের,3
গেট,3
মশিউর,3
অধিকতর,3
বালিশ,3
উপকরণের,3
ভ্যাট,3
প্রাক্কলন,3
সিমেন্ট,3
বছরগুলোতে,3
উল্লেখযোগ্যভাবে,3
শ্রমের,3
বিটুমিনের,3
মূল্যস্ফীতি,3
মুখ্য,3
ঘটবে,3
স্ট্যান্ডার্ড,3
মানবাধিকারবিষয়ক,3
কাঠগড়ায়,3
নিয়েছি,3
যৌক্তিকতা,3
এনাম,3
দ্বাদশ,3
গোপালগঞ্জ,3
রেহানা,3
জাহান,3
হ্যারি,3
সত্যিই,3
কখন,3
সামিয়া,3
স্থিতিশীল,3
বক্তা,3
বক্তৃতার,3
আদর্শের,3
কমই,3
পছন্দের,3
স্বায়ত্তশাসনের,3
প্রক্রিয়াও,3
যখনই,3
স্মৃতির,3
ফার্মগেট,3
যাচ্ছিলেন,3
পিস্তল,3
ঢল,3
কারাবন্দী,3
সোচ্চার,3
পুনর্মূল্যায়নের,3
বাবদ,3
বিলম্ব,3
কল্যাণকে,3
আটটার,3
আতিকুর,3
জানতেন,3
আপিলের,3
সশ্রম,3
অনাদায়ে,3
আমদানিকারক,3
বারিধারার,3
মনোনীত,3
পরিশোধের,3
তরল,3
গ্রিড,3
পিজিসিবি,3
পুরোটাই,3
গ্যাসও,3
৪টা,3
পিডিবির,3
জহুরুল,3
কয়লাভিত্তিক,3
ত্রুটির,3
মাতারবাড়ী,3
বেলায়,3
কাঠামোগত,3
কাটবে,3
সংবাদপত্র,3
রিচ,3
উৎপল,3
প্রিন্ট,3
ক্যাম্পেইন,3
পাঠক,3
ব্র্যান্ডের,3
ফারিয়া,3
কুইজের,3
ব্রাজিল,3
ভিডিওগুলোর,3
পদক্ষেপের,3
সম্পাদনের,3
অর্থবছর,3
প্রতিনিধিদলের,3
প্রতিনিধিদল,3
ট্রেনের,3
মিঠু,3
স্টপ,3
স্ট্র্যাটেজিক,3
বিআইআইএসএসের,3
ইজাজ,3
প্রবৃদ্ধি,3
করোনার,3
করোনা,3
একেজি,3
মানুষদের,3
একদম,3
পৌঁছানো,3
যাচ্ছিল,3
শরণখোলা,3
জবানবন্দির,3
চৌকিদার,3
বলেশ্বর,3
মরদেহটি,3
দাফন,3
ওয়ার্কার্স,3
ইংরেজি,3
গণভবনের,3
ম্যাসাকার,3
বরাবরে,3
সানজিদ,3
এনসিএ,3
ফিন্যান্সিয়াল,3
স্থানান্তরিত,3
যত্রতত্র,3
যন্ত্রপাতির,3
জনবল,3
আসল,3
কারণেই,3
পাচ্ছে,3
রওশন,3
সম্প্রীতি,3
কম্বো,3
স্টর্মি,3
ট্রাস্ট,3
স্মার্ট,3
সংগীতের,3
মাহমুদা,3
সুন্দরভাবে,3
শারমীন,3
সুদের,3
করাতে,3
তাঁরাও,3
তথা,3
প্রয়োজনের,3
২৬১টি,3
সংখ্যাটি,3
বিশ্লেষকেরা,3
ব্যবহারকারীরা,3
চেয়েছিল,3
সদস্যরাও,3
নিচ্ছেন,3
মেট্রো,3
ঘ,3
সামনেই,3
যাচাইয়ের,3
করতাম,3
আউয়াল,3
নিলেই,3
ঝটিকা,3
গোষ্ঠীর,3
প্রোফাইল,3
ফটোকার্ড,3
আড়ালে,3
দুঃখ,3
ধসে,3
আদানি,3
সরবরাহে,3
গ্রীষ্মে,3
রুফটপ,3
স্বাস্থ্যের,3
কাটান,3
কেয়ার,3
পুনরায়,3
এনসিপির,3
রেমিট্যান্স,3
অতীতেও,3
সীমিতসংখ্যক,3
এবারও,3
সরকারমন্ত্রী,3
সুইজারল্যান্ডের,3
এমপিওভুক্ত,3
জানাবে,3
গণতন্ত্রের,3
ফিদা,3
যাত্রীর,3
প্রচেষ্টা,3
প্রাপ্য,3
মিনিটের,3
ফাঁড়ির,3
তাঁদেরও,3
তথ্যপ্রযুক্তিমন্ত্রী,3
কনসালট্যান্ট,3
গরু,3
সংশোধনীর,3
মেটাকে,3
বাবু,3
মাধ্যমের,3
ওবায়েদ,3
পৌডেল,3
রুপা,3
ডিভিশন,3
ভূষিত,3
ম্যানচেস্টার,3
রবিউল,3
পুলিশে,3
সাতক্ষীরা,3
রিবা,3
নকশার,3
সুস্থতা,3
বাতাসের,3
প্রতিদিনই,3
ছুটতে,3
হলেই,3
চলাচলের,3
চাকার,3
ইভির,3
ওয়াট,3
লিকুইড,3
কুলিং,3
গ্রাফিন,3
ব্যাটারির,3
চার্জে,3
রেডিয়াল,3
ওজন,3
মডেলেই,3
ওয়ারেন্টি,3
নিয়তি,3
ম্রোং,3
ধরেছেন,3
কানে,3
পরিচিতদের,3
দাঁড়ানোর,3
কৃষিকাজ,3
ছাগল,3
দাঁড়াতে,3
উমরের,3
মৃত্যুবার্ষিকী,3
মিতু,3
শাসনের,3
তরুণের,3
হল,3
মাস্টার,3
সম্প্রসারণের,3
বিদায়,3
সেকশনের,3
তিনজনকে,3
তলায়,3
বারান্দায়,3
সাপের,3
কর্মচারীরা,3
শোক,3
জলিল,3
অসুবিধা,3
ইরানে,3
ফোনের,3
নওগাঁয়,3
জানাজা,3
সচিবের,3
প্রদানের,3
হুমায়ন,3
সমর্পণ,3
কর্মচারীর,3
ট্রাম্পের,3
ব্যাপার,3
নম্বরে,3
আমেরিকার,3
আক্রমণ,3
বাহরাইন,3
স্তূপ,3
বিনিয়োগের,3
ক্যাবের,3
জেবউননেছা,3
প্রভাবশালী,3
কনস্টিটিউশন,3
বৃদ্ধিতে,3
মুদ্রায়,3
আবদ্ধ,3
ধরেই,3
রাখলে,3
সাবরেজিস্ট্রি,3
স্ট্যাম্প,3
মূল্যের,3
এলাকাভেদে,3
মালিকের,3
যাক,3
শাহাজাহান,3
সপ্তাহেই,3
কষাকষির,3
প্রসঙ্গটি,3
বশিরউদ্দীন,3
রাতেই,3
গতিবিধি,3
তৎপরতা,3
স্যাবোটাজ,3
স্বজনদের,3
সতর্কতা,3
মারতে,3
অভিযাত্রায়,3
উচ্চমাধ্যমিক,3
সমমানের,3
সাপোর্টে,3
নিবিড়,3
মিনহাজুলের,3
মনোরোগ,3
স্যালাইন,3
রক্তে,3
ছোটবেলা,3
নিত,3
এসএসসি,3
পেয়েছিল,3
দিতেই,3
কিটোঅ্যাসিডোসিস,3
শিরোনামের,3
জীবনযাপন,3
মাথার,3
পরিচয়ে,3
সম্মুখীন,3
চাকরিজীবীরা,3
শিক্ষাসহায়ক,3
কমবেশি,3
পুরোনোদের,3
যতটুকু,3
জেনেছেন,3
পদোন্নতির,3
মাপকাঠি,3
মানবতার,3
জানাবেন,3
কবিতা,3
সপরিবার,3
ধানমন্ডিতে,3
সেলস,3
কর্মকর্তারাও,3
জানার,3
গ্রেনেড,3
মিসবাহ,3
অ্যাডমিরাল,3
ওয়াকার,3
উজ,3
অপারেটর,3
চ্যাটজিপিটি,3
ওয়ানএআই,3
মাইজিপি,3
টুল,3
সহজলভ্য,3
মাই,3
এআইভিত্তিক,3
ফারাতুলের,3
জোগাড়,3
প্রতিফলিত,3
সম্মানিত,3
জীবিকা,3
বিষয়গুলোকে,3
বোঝার,3
বৈষম্যের,3
মাধ্যমিক,3
অর্থমন্ত্রী,3
শ্রমবাজারের,3
জনবিভাগের,3
দম্পতি,3
কল,3
সিডিআর,3
টেলিভিশনের,3
ক্লু,3
সংশ্লিষ্টতা,3
দেখছেন,3
বিমানবাহিনী,3
সার্বভৌমত্ব,3
যুদ্ধে,3
দেখান,3
ডিআইজির,3
কোর্সে,3
সাজানোর,3
কুড়িগ্রামের,3
অপেক্ষার,3
চিংড়ি,3
ফেলেছিল,3
শেষের,3
ভয়ংকর,3
রাজবাড়ীতে,3
অভিযোগকারী,3
সুলতানাকে,3
উত্তেজনা,3
জাকিয়ার,3
গৃহীত,3
মারাত্মকভাবে,3
নাটোরে,3
যেতাম,3
করলাম,3
প্রসঙ্গক্রমে,3
পলিটেকনিক,3
কাছেই,3
ইউটিউবে,3
পড়াশোনায়,3
জায়গাটি,3
জন্যই,3
চমক,3
অনুভূতি,3
সিনক্রো,3
সাইফুর,3
প্রসবের,3
পাবনার,3
দ্রুতই,3
পৌঁছায়,3
হাসপাতালটি,3
প্রসূতিরোগ,3
নির্দেশিকা,3
জীবাণুমুক্ত,3
অস্ত্রোপচারকক্ষ,3
ছড়ানোর,3
শুনলে,3
অর্গানের,3
অঙ্গ,3
সার্বভৌম,3
অ্যাপ্লাই,3
উঠলে,3
একাডেমিতে,3
৪৯টি,3
চর্চা,3
পড়ো,3
অগ্রসর,3
গ্রন্থাগার,3
জাতি,3
স্বাস্থ্যমন্ত্রী,3
মুহিত,3
জন্মনিয়ন্ত্রণ,3
আসন,3
নৌপরিবহনমন্ত্রী,3
নৌযান,3
অপমৃত্যুর,3
সংগ্রহে,3
ধরেননি,3
একটার,3
কর্মীকে,3
ফেরদৌস,3
বিটিআই,3
মার্শাল,3
ঠিকাদারকে,3
কালোতালিকাভুক্ত,3
ম্যালাথিয়ন,3
সুপারভাইজার,3
ডেলটামেথ্রিন,3
হটস্পট,3
ওভারসিজ,3
জনশক্তি,3
৫টি,3
পাঠাতে,3
আরজুমান,3
চাহিদাপত্র,3
এজেন্সিগুলো,3
মাধ্যমেই,3
দামও,3
একাংশ,3
বিশ্লেষক,3
ক্রয়পদ্ধতিতে,3
কয়লাবিদ্যুৎকেন্দ্রের,3
খোন্দা,3
বোটের,3
বসিয়ে,3
চেপে,3
বোট,3
মারার,3
মাঝামাঝি,3
উচ্চবিদ্যালয়ের,3
তুলনামূলকভাবে,3
অন্তর্ভুক্তির,3
দর্শন,3
কাব্য,3
আদাবর,3
আদেশও,3
লন্ডনের,3
স্টাডিজের,3
ঝুঁকির,3
মিয়ানমার,3
অস্ট্রেলিয়া,3
অধ্যাদেশ,3
খোলের,3
বরিশালে,3
সদরে,3
বসেন,3
ঘাটে,3
ওঠানো,3
পরিবেশটা,3
কাঁদতে,3
পল্লবীতে,3
চম্পা,3
মসজিদে,3
যাত্রাবাড়ীতে,3
হাসানকে,3
তাইম,3
বিজিবি,3
ওয়াটারএইড,3
সলিমুল্লাহ,3
পরিচালকের,3
ফেরা,3
শিক্ষকসহ,3
লাগছে,3
ব্যাচের,3
বন্ধুদের,3
জটিলতায়,3
কাউন্সেলিং,3
খুশি,3
বেজে,3
হায়দার,3
ভয়েস,3
পাড়ার,3
ঘুমিয়ে,3
ঘর্ঘর,3
হয়েছিলাম,3
চোর,3
সংবর্ধনা,3
সেভয়,3
জেএমআইয়ের,3
যুক্তিতর্ক,3
ঐকমত্য,3
সরবরাহব্যবস্থা,3
ইতিবাচকভাবে,3
নিউইয়র্ক,3
পরমাণু,3
দর্শানোর,3
মেট্রোরেলে,3
বাস্তবায়নাধীন,3
অধিগ্রহণ,3
এডিবি,3
ঠিকাদারের,3
বিকাশে,3
ডুবে,3
ইনভেস্টমেন্ট,3
জিসিএম,3
কয়লাখনির,3
সরকারই,3
স্টক,3
ধর্মনিরপেক্ষ,3
শিক্ষাব্যবস্থার,3
শিক্ষাব্যবস্থা,3
রেসকোর্স,3
আপত্তিকর,3
আদর্শিক,3
অবস্থানের,3
অবৈতনিক,3
নিদর্শনের,3
ময়দানে,3
ক্রেতাকে,3
বন্দুকধারী,3
লাফ,3
ক্যাশ,3
নাগরিকদেরও,3
তৌছিফ,3
ট্যুরিস্ট,3
অধ্যক্ষ,3
ডিজঅ্যাপিয়ারেন্স,3
আয়নাঘর,3
কুরআন,3
বুদ্ধমূর্তিটি,3
নারায়ণী,3
মৌসুমি,3
মসজিদের,3
টেকগ্লোবাল,3
ফৌজিয়া,3
শিক্ষাবিদ,3
কাটিং,3
রবীন্দ্রনাথ,3
ঠাকুর,3
ফাতিমা,3
জুমা,3
মার্চের,3
ইউনূসের,3
জনসংযোগ,3
কার্ডে,3
রাস্তাগুলো,3
গ্যারেজে,3
মেটাবলিক,3
ডিম্বাশয়ের,3
এসকেএফ,3
নামটি,3
শারমিন,3
নিষেধাজ্ঞার,3
আঁচল,3
উপায়ে,3
বিএসপির,3
দত্ত,3
অংশেও,3
প্লেটের,3
ট্যাগ,3
রিডারের,3
টিউলিপ,3
ডংফেং,3
চিহ্ন,3
স্বেচ্ছাসেবী,3
অত্যাবশ্যকীয়,3
বাতিলের,3
চাপিয়ে,3
ওআইসির,3
কেমিক্যাল,3
উদ্বুদ্ধ,3
মাগুরার,3
শিশুধর্ষণ,3
প্রতিনিধিত্বের,3
শ্রমবাজারে,3
শ্রমশক্তিতে,3
মালদ্বীপ,3
ব্যবধানের,3
সবশেষে,3
পর্দানশিন,3
দিনক্ষণ,3
রাষ্ট্রব্যবস্থা,3
বৈষম্যহীন,3
৯টার,3
মুক্তিযুদ্ধবিষয়ক,3
চাকরিসংক্রান্ত,3
সোনালী,3
অন্যত্র,3
বিপিসিএলের,3
গোপনীয়তা,3
আলমকে,3
মুক্তিপণ,3
নেতাকে,3
জাসাসের,3
আগৈলঝাড়া,3
সিসি,3
এসপির,3
শোনান,3
মোতাবেক,3
পোস্টগ্র্যাজুয়েট,3
সাদিয়া,3
আকতার,3
এএজি,3
সামলাতে,3
দলীয়করণ,3
ইশতেহারে,3
রুমিন,3
ছোটনের,3
মাদারীপুরের,3
নাতিপুতি,3
আত্মস্বীকৃত,3
অঙ্গসংগঠনের,3
মহানগরে,3
মহাখালী,3
পরশের,3
তেদরোস,3
আধানম,3
ছুটিতে,3
ডব্লিউএইচওর,3
মশাবাহিত,3
উপদ্রব,3
বিষয়টিতে,3
রাশিয়ায়,3
বাংলাদেশিরা,3
মালদ্বীপের,3
ব্রাইবস,3
এফওয়াইআই,3
বেনামে,3
সালাহউদ্দিনকে,3
সেলে,3
পুকুরে,3
ওয়াসা,3
লিসা,3
ইমতিয়াজ,3
আবরণ,3
শঙ্খ,3
রাপা,3
এলেই,3
বর্ষায়,3
লালমাটিয়ার,3
ব্লক,3
এবড়োখেবড়ো,3
সরণি,3
প্রগতি,3
সরণির,3
কুড়িল,3
ফিলিং,3
পানিনিষ্কাশনের,3
জুরাইনের,3
খোরশেদ,3
কদমতলী,3
ক্লায়েন্টের,3
দীনেশ,3
ইজারা,3
ইউবিএল,3
ত্রয়োদশ,3
গণবিজ্ঞপ্তিতে,3
বাশারের,3
চাল,3
রেশমা,3
সেনপাড়া,3
ফাহিমা,3
প্রেশার,3
আজিমপুর,3
সুকান্ত,3
গানটি,3
গুণগত,3
পূর্ববঙ্গ,3
ব্যামফিল্ড,3
ফুলার,3
নগরী,3
কোষ,3
গভর্নরের,3
জনি,3
ছিনতাইকারীর,3
কদমতলীর,3
আনিসুর,3
ছিন্নমূল,3
শিক্ষালয়ে,3
ক্যাপস্টোন,3
মেসের,3
বিক্রয়কেন্দ্রে,3
অনিক,3
অবমূল্যায়ন,3
ঋণদাতা,3
সম্পূর্ণা,3
এক্সপ্রেসওয়ের,3
পর্যটনমন্ত্রী,3
পশ্চিমাঞ্চলের,3
পলি,3
গ্যারান্টি,3
বিজ্ঞাপনে,3
তিতাসের,3
সজীবের,3
ছাত্রশক্তির,3
পারভিন,3
করতালি,2
মঞ্চ,2
অ্যাঞ্জেলেসের,2
অডিটোরিয়ামে,2
ক্যাটাগরিতে,2
কলাম্বিয়া,2
ইউসিএলএসহ,2
জিম,2
আইভি,2
তানভির,2
টপ,2
স্কলার,2
অল,2
নিচ্ছিলেন,2
প্রাক্তন,2
প্রতিষ্ঠানটিতে,2
শিক্ষার্থীরাও,2
ব্যক্তিকেও,2
আনন্দ,2
প্রতিও,2
প্রতিভা,2
বয়সের,2
বৈচিত্র্য,2
শেষদিকে,2
অভিভাবক,2
প্রতীক,2
ফিটনেস,2
টোকেন,2
পারা,2
দেশত্যাগে,2
অনুসন্ধানকারী,2
মহল,2
লাইনস,2
উগ্রবাদের,2
মিলনায়তনের,2
অপরাধসংক্রান্ত,2
অসন্তোষ,2
শোনেন,2
লুণ্ঠিত,2
উদ্ধারে,2
চোরাচালান,2
মোসলেহ,2
অপপ্রচার,2
আগাম,2
প্রশংসনীয়,2
ব্যাজ,2
মানেই,2
জাপান,2
সেচ,2
স্টোরেজ,2
ব্যাটারিচালিত,2
চতুর্থত,2
কেন্দ্রবিন্দুতে,2
পরিকল্পনার,2
চেয়েও,2
পুনর্বিবেচনা,2
প্রবাহের,2
বায়ু,2
তাপমাত্রা,2
কমত,2
বাহন,2
রিকশায়,2
অভিজ্ঞ,2
আসুন,2
রাষ্ট্রকে,2
উদ্বোধনকালে,2
সদস্যসংখ্যা,2
সবগুলো,2
দেশটাকে,2
জানে,2
প্লাস্টিক,2
জিনিস,2
বহনকারী,2
খাই,2
আস্তে,2
প্রিয়জন,2
রাস্তাঘাট,2
নিরুৎসাহিত,2
একটাই,2
পরামর্শের,2
ফেলার,2
টিকিয়ে,2
সমালোচনার,2
গ্যাসসহ,2
মন্দ,2
দুর্ভোগে,2
সংসদকে,2
আমলাতান্ত্রিক,2
ব্যাধি,2
নামার,2
খোঁজা,2
জবাবদিহিমূলক,2
রাজ্যের,2
জনতা,2
বিহারে,2
ঝাকে,2
মনোযোগ,2
পেরেছি,2
চুক্তিটির,2
পররাষ্ট্রমন্ত্রীর,2
চিঠির,2
চাইছে,2
মূল্যায়নে,2
বরাদ্দের,2
গাইবান্ধা,2
২৯টি,2
৩০০টি,2
অপব্যবহারের,2
কোনটি,2
ঠেকাতে,2
কোম্পানিগুলোকে,2
অপতথ্য,2
গাইবান্ধার,2
এড়াতে,2
ঘুরেফিরে,2
সফটওয়্যারটি,2
ক্লডের,2
৫০০টি,2
মানুষও,2
সাক্ষরতার,2
ইউটিউবের,2
আপলোড,2
ইন্টিগ্রেশন,2
ভিডিওগুলো,2
আড়াল,2
নেটওয়ার্কটির,2
বয়ানে,2
ধাঁচের,2
বাহিনীতে,2
অনুপ্রবেশের,2
এজেন্ট,2
মেলে,2
চ্যানেল,2
পড়ান,2
আমন্ত্রিত,2
রেজিস্ট্রির,2
গনিকে,2
শেরেবাংলা,2
সমাধিতে,2
সদস্যসহ,2
মোনাজাতে,2
সমাধি,2
চারা,2
রোপণ,2
অবমুক্ত,2
ভিড়,2
সাহেদকে,2
ফরিদ,2
পাটোয়ারী,2
ইউনুস,2
দিদারুল,2
মেসেঞ্জার,2
প্রয়াস,2
যুক্তরাজ্যে,2
জনস্বার্থসংশ্লিষ্ট,2
বিব্রতকর,2
অস্বস্তিকর,2
ইফেক্ট,2
পদকে,2
মাতৃ,2
বৃহত্তর,2
নবজাতকের,2
ফুড,2
টিকার,2
স্বাস্থ্যকেন্দ্রে,2
স্বাস্থ্যব্যবস্থা,2
সহায়ক,2
আমেরিকা,2
অবলম্বনে,2
ফ্রঁসেজ,2
দো,2
লা,2
ফ্রাঁসোয়া,2
শামব্রো,2
চলচ্চিত্রটির,2
জয়িতা,2
মহলানবীশ,2
রাব্বি,2
প্রদর্শনীতে,2
ছবিগুলোতে,2
অভিনয়শিল্পীদের,2
ফুটিয়ে,2
জেসমিন,2
প্রায়ই,2
অস্পষ্ট,2
মনোয়ার,2
প্রযোজনা,2
৩টা,2
জুতাপেটার,2
মব,2
উপাচার্যের,2
আলফেছানীর,2
চেয়েছি,2
সরানো,2
ভাষাবিরোধী,2
পাঠ্যবই,2
মোকাররমের,2
উল্টো,2
শোকজ,2
প্রতিনিধিদেরও,2
ডাকসুতে,2
টাঙানোর,2
ছাত্রসংগঠনগুলোর,2
ঐকমত্যের,2
তদন্তাধীন,2
নিরপেক্ষভাবে,2
পূরণের,2
আসছি,2
শুক্কুর,2
নিলেন,2
ঝাঁকায়,2
চড়া,2
প্রকৃতি,2
অতিসূক্ষ্ম,2
ফাঁসের,2
ডুবোচর,2
জমজমাট,2
বণিক,2
মণ,2
আবহাওয়ার,2
সরাফত,2
বিপণন,2
খুচরা,2
ট্যারিফ,2
সমীক্ষায়,2
মূল্যবৃদ্ধি,2
টনে,2
ভাবিনি,2
মোহনার,2
তায়েফা,2
পেটে,2
গোলাঘর,2
বলাই,2
তলব,2
১২টায়,2
রুটে,2
ট্রাস্টিজের,2
মইনুদ্দীন,2
চলায়,2
জ্ঞানভিত্তিক,2
এপিএস,2
তৈমোর,2
মেয়াদকাল,2
আদেশক্রমে,2
রব্বানী,2
যুবদলের,2
আইএলও,2
ম্যাক্স,2
ন্যায়সংগত,2
মিলের,2
নির্মম,2
একটিতে,2
স্রোত,2
চেঁচামেচির,2
সীমান্তসংলগ্ন,2
সংস্করণ,2
হুবহু,2
পোষা,2
নাগাদ,2
হাতিটির,2
ছড়ায়,2
কোনোটিকে,2
উত্তরাখন্ড,2
জম্মু,2
ভাগো,2
শাসনামলে,2
সাক্ষীর,2
ট্রায়ালের,2
কেটেছে,2
ঘটিয়েছে,2
এনেছেন,2
প্রসিকিউশনের,2
কেটেছেন,2
অভিযোগগুলো,2
অসত্য,2
এখতিয়ার,2
বলেননি,2
বেআইনি,2
অবমাননাকর,2
মোদিকে,2
এক্সে,2
নিবেদিত,2
থাকুক,2
সদয়,2
গভীরভাবে,2
শোধনাগারটি,2
মেটানো,2
ডিজেল,2
আইডিবি,2
পেট্রোলিয়াম,2
বিপিসি,2
কোষাগার,2
বদল,2
ট্রিলিয়ন,2
শৃঙ্খলার,2
পরিষেবা,2
যাত্রী,2
কিউআর,2
সাতটায়,2
রদবদল,2
জোটসঙ্গী,2
জাগিয়ে,2
নইলে,2
উইনিং,2
কম্বিনেশন,2
ম্যাকাইয়ে,2
গতকালই,2
ডিপজল,2
ধরিয়ে,2
অভিনন্দনবার্তায়,2
জানাই,2
সেবায়,2
বন্ধন,2
বন্ধুত্ব,2
শিক্ষাসহ,2
ফখরুলের,2
কারামুক্তি,2
চিন্ময়ের,2
অপূর্ব,2
অনুপ,2
মন্ডল,2
মনজুরুল,2
ফৌজদারি,2
অবমাননায়,2
সংঘর্ষের,2
ককটেল,2
বিস্ফোরণের,2
চান্দগাঁও,2
অব্যাহতি,2
দাসকে,2
মঞ্জুরুল,2
শিশুরাই,2
স্পোর্টসফেস্টের,2
উল্লাস,2
সিজন,2
পুল,2
টেনিস,2
অর্ডিনেটর,2
প্রসার,2
সমর্থনের,2
অংশগ্রহণকারীর,2
আনন্দময়,2
স্তর,2
স্ল্যাব,2
ইশতেহার,2
অসামরিক,2
ভিত্তিক,2
নিট,2
সাক্ষাৎকালে,2
শোকসন্তপ্ত,2
থামাতে,2
বাঁচাতে,2
রড,2
হাতুড়ি,2
ইসলামও,2
সিরাজগঞ্জ,2
কনস্টেবল,2
রাঙামাটি,2
প্রত্যক্ষ,2
সম্পৃক্ততায়,2
নিরপেক্ষতা,2
অক্ষুণ্ন,2
নির্দেশনায়,2
প্রচারে,2
জিন্নাহ,2
ডিসেম্বরের,2
নীতিমালার,2
জুতাপেটা,2
গ্রহণযোগ্য,2
বিজ্ঞপ্তি,2
তানজীমউদ্দীন,2
বিতর্কে,2
রেটিং,2
প্যারালাল,2
যেটিকে,2
স্টুডেন্টস,2
ফিডব্যাক,2
উৎকর্ষ,2
ভালোভাবে,2
পাঠদান,2
সম্মিলিতভাবে,2
এখতিয়ারের,2
মতাদর্শগত,2
পরিস্থিতিও,2
মূল্যস্ফীতির,2
তৈয়্যব,2
সেবাদানকারী,2
সেবাপ্রার্থী,2
ল্যাপটপ,2
মুস্তাকিম,2
ঝুলছে,2
সেবাগ্রহীতার,2
স্লোগানে,2
দৌরাত্ম্য,2
যথাসময়ে,2
নানাভাবে,2
পাসপোর্টের,2
উদ্যোক্তাকে,2
সাইনবোর্ড,2
সংসার,2
সংযোগও,2
এগোয়নি,2
রুরাল,2
মইনুল,2
উদ্যোগগুলো,2
আগারগাঁওয়ে,2
প্রস্তুতিমূলক,2
পারছি,2
সময়োপযোগী,2
প্যাকেজের,2
অব্যবহৃত,2
ডেটার,2
অপারেটরদের,2
মামুনুর,2
ভূঞা,2
বর্ষীয়ান,2
করান,2
ক্ষমতাসীন,2
ভোটার,2
আসলাম,2
প্রতিদ্বন্দ্বী,2
নামেই,2
সরকারব্যবস্থায়,2
রাষ্ট্রপ্রধানের,2
সরকারপ্রধানের,2
যতটা,2
কৌতূহল,2
কতটুকু,2
অনুচ্ছেদে,2
পররাষ্ট্রনীতি,2
রাখবেন,2
পেশ,2
জানালে,2
আদৌ,2
পরোয়ানাও,2
অসামর্থ্যের,2
নজির,2
আরেকজন,2
মনোনয়ন,2
সর্বাধিক,2
লটারির,2
কর্তা,2
পদত্যাগের,2
আপ্যায়ন,2
বিমানভ্রমণের,2
ক্ষমতাকে,2
বাধ্যবাধকতাও,2
চিত্রনায়ক,2
ইমন,2
১১তম,2
নাকচ,2
মৃত্যুকে,2
কুমকুম,2
হকসহ,2
হকের,2
লতিফা,2
লুসি,2
রুবী,2
ছাত্তার,2
সাজু,2
ঢাকামুখী,2
লেনে,2
জনপথ,2
৬টা,2
অস্ত্রসহ,2
ঢোকার,2
লম্বা,2
টুপি,2
বন্দুক,2
ভাষার,2
অঙ্কিত,2
কথায়,2
জিয়াউলকে,2
শিলংয়ে,2
জেনেসিস,2
উদ্ভাবনী,2
আউটরিচ,2
টিমের,2
সমাধানও,2
প্রতিযোগিতার,2
বিশ্লেষণী,2
সিথ্রিইআর,2
প্রজেক্ট,2
ডিজাইন,2
ওয়াল,2
বাস্তবসম্মত,2
সচেতনতার,2
তরুণেরাই,2
চেঞ্জ,2
মিটারের,2
পরিশোধে,2
মতাদর্শ,2
একচেটিয়া,2
তেহরান,2
দক্ষিণে,2
জোহেইরি,2
মোলা,2
মিস,2
জেতা,2
থাইল্যান্ডের,2
১৬টি,2
কৃতী,2
গেস্ট,2
অ্যাওয়ার্ডপ্রাপ্ত,2
পুরস্কারপ্রাপ্ত,2
যুক্তি,2
জনস্বার্থ,2
নানামুখী,2
প্রণোদনার,2
মাপা,2
মাছুদা,2
ফেডারেল,2
সেরে,2
ওঠায়,2
ডুয়া,2
লিপার,2
যাঁর,2
ছাড়তে,2
মেয়েই,2
ফ্যাশন,2
ব্যক্ত,2
মলে,2
লাইফস্টাইল,2
রব,2
লিটন,2
কেনাকাটার,2
আউটলেটে,2
ছেলেদের,2
আকর্ষণীয়,2
রিটেইল,2
ফলাফলে,2
হাতের,2
প্রধানমন্ত্রীও,2
শফিকুর,2
দুলু,2
আবেদনপ্রক্রিয়া,2
ওয়ালটন,2
আফরোজ,2
সামলানোর,2
স্নাতকোত্তর,2
আবেদনকারীকে,2
কাঁদছে,2
বালক,2
প্রদেশ,2
ভাইরাল,2
কয়েকটিতে,2
কিফ্রেম,2
ছেলেটি,2
ধুলায়,2
মাখামাখি,2
মুছে,2
জুস,2
বিস্কুট,2
মায়া,2
অ্যাকাউন্টটিতে,2
ফ্যাক্টচেক,2
সন্ধানে,2
খেতে,2
সিং,2
অগ্নিকাণ্ডের,2
বিজিএমইএ,2
শিল্পসহ,2
বাড়েনি,2
অপরিবর্তিত,2
মানবসম্পদ,2
বর্গ,2
লিমিটেডে,2
কাপড়ের,2
শিল্পকারখানা,2
ডাইংয়ের,2
ইন্ডাস্ট্রিজের,2
গতকালও,2
বয়লার,2
ট্রান্সমিশন,2
উপব্যবস্থাপনা,2
বিকেএমইএর,2
ওঠানামা,2
জোট,2
মহাবিপন্ন,2
বৈশ্বিকভাবে,2
উদ্যানে,2
চিতাই,2
প্রজাতির,2
আয়তন,2
মল,2
এদের,2
বসবাসকারী,2
স্তন্যপায়ী,2
বিরল,2
ইনানীর,2
কাঠ,2
হুমকির,2
আনাগোনা,2
আশঙ্কাজনকভাবে,2
ভেতরের,2
চিরতরে,2
সিটিটিসি,2
মনোভাবাপন্ন,2
বেগমের,2
আজীবন,2
রাষ্ট্রে,2
সমতাভিত্তিক,2
বিলের,2
প্রকার,2
ক,2
উপধারা,2
উপধারাগুলোতে,2
দাদা,2
নানি,2
স্ত্রীর,2
পদ্ধতির,2
মেটানোর,2
পরওয়ার,2
আল্লামা,2
হেবার,2
ধর্মে,2
আইনেই,2
সংশোধনী,2
সংযোজনের,2
নিজেরও,2
সাহসী,2
আইনটির,2
প্রণয়নে,2
তরফ,2
ড্রামাটিক্যালি,2
ইয়াসের,2
আবদাল,2
পথচারী,2
প্রাণহানির,2
মহাসড়কে,2
১৬৩টি,2
৭১টি,2
১৯৫টি,2
১৭২টি,2
বগুড়ায়,2
প্রাণহানি,2
কর্মঘণ্টা,2
মেয়াদোত্তীর্ণ,2
বরইতলী,2
সীমানার,2
টিলা,2
বাসিন্দাদের,2
সেমিপাকা,2
ঘরসহ,2
হাতবদলের,2
সীতাকুণ্ডের,2
সলিমপুরের,2
উপকূলের,2
বাস্তুচ্যুত,2
পোশাকশ্রমিক,2
জরিমানাও,2
অধিকাংশই,2
দিনমজুর,2
কাউন্সিলর,2
আজমের,2
রুবেলের,2
দূতাবাসে,2
পাহাড়ে,2
সেনানিবাসের,2
চারজনকে,2
বন্দুকযুদ্ধে,2
চুক্তিকে,2
গ্রেডভেদে,2
৭৫টি,2
ডাবল,2
ফেললেন,2
ট্রিপল,2
রকিবুল,2
ক্রিকেটে,2
সম্ভবত,2
আসর,2
প্রতিষ্ঠাবার্ষিকীর,2
প্রশাসকদের,2
বিশেষত,2
সংবেদনশীল,2
আইইউবিএটি,2
হসপিটালস,2
ইন্টার্নশিপ,2
হসপিটালের,2
হসপিটালে,2
অ্যাগ্রিমেন্ট,2
আন্তোনিও,2
নেতৃত্বকে,2
বেয়ারবকের,2
পেল,2
পুনরুদ্ধারের,2
পুনরুদ্ধার,2
জাতিসংঘকে,2
আস্থার,2
বহুপক্ষীয়,2
ইউনিসেফ,2
মোতায়েন,2
হারুন,2
বিবরণে,2
আন্দোলনকারী,2
গুলিবর্ষণ,2
আনো,2
প্রান্তে,2
বাঁধন,2
মুঠোফোনও,2
ছুড়ে,2
মনিরুলের,2
ইতালিতে,2
ভঙ্গিতে,2
শরীয়তপুরে,2
থাপ্পড়,2
অপেক্ষাকৃত,2
গঠনতন্ত্রের,2
আগপর্যন্ত,2
ছাত্রত্ব,2
জানাব,2
প্রভোস্টদের,2
ক্রিয়াশীল,2
বসবে,2
ডাকসুকে,2
সর্বসম্মতভাবে,2
শেওড়াপাড়ার,2
দুশ্চিন্তায়,2
সন্দেহ,2
মার্কেট,2
আয়েশা,2
সিদ্দিকা,2
মধ্যরাতে,2
রান্নাঘরের,2
পোড়া,2
রান্নাঘরে,2
কাল,2
বাজে,2
উপার্জন,2
সাবরী,2
শিশুবেলার,2
স্ক্রিনে,2
আওয়াজ,2
নীরবতা,2
অপরাধকে,2
ট্র্যাকিং,2
সালাহউদ্দীন,2
এমফিল,2
ছেলেশিশু,2
ধর্ষণ,2
বিডি,2
অভূতপূর্ব,2
ভুক্তভোগীরা,2
বুঝতাম,2
পড়ি,2
কাজগুলো,2
জানামতে,2
ভুক্তভোগীদের,2
বিশ্বস্ত,2
নিকটাত্মীয়,2
দূরসম্পর্কের,2
মেয়েদের,2
নামকরা,2
বাচ্চাদের,2
পড়াতেন,2
রাতেও,2
ক্লাসের,2
কয়েকবার,2
নানাবাড়িতে,2
মামাতো,2
ঘিন,2
জীবনটা,2
রাগ,2
অন্ধকার,2
প্রতিরোধমূলক,2
অস্থিরতা,2
মধ্যপ্রাচ্যসহ,2
অভিবাসনের,2
শিমুল,2
সুলতানার,2
নিলুফার,2
বজ্রপাতে,2
ফসলের,2
ভূমিকম্পের,2
ভূমিকম্প,2
বৃহস্পতিবারের,2
হালকা,2
বহিষ্কৃত,2
মাইক্রোফোনে,2
ডাকার,2
রুলসহ,2
অন্তর্বর্তীকালীন,2
সমুদ্রসৈকত,2
বিবাদীরা,2
কার্যতালিকায়,2
ক্রমিকে,2
আজমী,2
বেলার,2
রিজওয়ানা,2
চলামান,2
ভরাট,2
জীববৈচিত্র্যের,2
জামিনযোগ্য,2
অর্থসচিব,2
মুনিমসহ,2
রহমতুল,2
মুনিম,2
তালুকদারসহ,2
বিনিয়োগবিষয়ক,2
মালিকানাধীন,2
তিস্তা,2
নিয়মবহির্ভূত,2
ঋণসংক্রান্ত,2
প্রস্তাবেও,2
চড়াও,2
লাঞ্ছিত,2
মেইল,2
ব্যবহারে,2
ভয়ভীতি,2
টিবি,2
যক্ষ্মারোগীকে,2
সেমিনার,2
চিকিৎসাসেবার,2
সেবাকে,2
ফান্ড,2
ল্যাবরেটরি,2
ভ্রমণে,2
এইচআইভিতে,2
ফেনী,2
নড়াইল,2
এইচআইভির,2
ম্যালেরিয়ার,2
বান্দরবানে,2
স্থবির,2
সাক্ষাৎকার,2
দেওয়াকে,2
সম্প্রচারবিষয়ক,2
পিআইডি,2
কড়া,2
পজিটিভ,2
এফএসআরইউ,2
সুদূরপ্রসারী,2
শ্বাসতন্ত্রের,2
উদরাময়,2
আইসিডিডিআরবি,2
ডিজিজ,2
তাহমিদ,2
সিলেটের,2
রাবেয়া,2
মাথাব্যথা,2
প্রত্যেকের,2
শীত,2
উপাত্ত,2
মৌসুম,2
গর্ভবতী,2
অ্যান্টিবায়োটিকের,2
অন্যান্যের,2
নলেজ,2
মেমোরিয়াল,2
বসালেই,2
জ্ঞানকে,2
পরিবর্তনসংক্রান্ত,2
অনেকাংশে,2
প্রভাবিত,2
ডেভেলপমেন্টের,2
গভর্নমেন্ট,2
ডিপার্টমেন্ট,2
রেগুলেটরি,2
অভিজ্ঞতাকে,2
ফারাহ,2
রাজনীতিক,2
তাসনীম,2
জারা,2
বিচ্ছিন্নভাবে,2
ব্র্যাকের,2
পি,2
সাবিনা,2
গিয়েও,2
কথাই,2
মৃত্যুও,2
গ্রামাঞ্চলে,2
মিশ্র,2
কীটতত্ত্ববিদেরা,2
মশানিয়ন্ত্রণ,2
ছাড়ায়,2
কমেনি,2
হিসাবটি,2
তীব্রতা,2
জাকী,2
বান্দরবান,2
পটুয়াখালী,2
পরিকল্পনায়,2
দুটিই,2
বছরও,2
বাড়ছিল,2
মিশ্রণ,2
লার্ভার,2
পর্যবেক্ষণে,2
ফুলের,2
টব,2
পাত্র,2
বান্দরবানের,2
জনস্বাস্থ্যবিদদের,2
লাগানোর,2
সর্বত্র,2
ক্লিনিক,2
সংক্রামিত,2
১০টা,2
বিরোধিতার,2
সমাজবিজ্ঞান,2
সুপারিশের,2
বহিষ্কার,2
হতাশ,2
করানোর,2
আনেন,2
অনার্স,2
মাস্টার্স,2
একেকটি,2
নির্মাণকাজে,2
বিবিএস,2
বালুর,2
স্থির,2
মজুরি,2
সূচক,2
নির্মাণকাজের,2
উৎসের,2
পিপিআর,2
তৌহিদুল,2
ঠিকাদারদের,2
সার্ভিসেস,2
ফলকার,2
টুর্ক,2
বক্তৃতায়,2
নিশ্চিতের,2
প্রয়োজনীয়তার,2
চুক্তিগুলোর,2
সেখানেও,2
অংশগ্রহণমূলক,2
নিয়োগপ্রক্রিয়া,2
প্রণীত,2
গুমবিরোধী,2
এজলাসের,2
শয্যাশায়ী,2
স্বামীকে,2
মর্তূজা,2
বিধিতে,2
বিধানও,2
হলফনামা,2
নগদ,2
উপহারের,2
সোনা,2
মূল্যবান,2
বিঘা,2
রংপুরে,2
স্কাউট,2
ঘেঁষে,2
রেহানার,2
নথিপত্রে,2
শতক,2
পূর্বাচলে,2
গোপালগঞ্জের,2
যাবজ্জীবন,2
ইয়াবা,2
সেবনে,2
রাজপরিবারের,2
ক্ষুব্ধ,2
ডিউক,2
মেগান,2
খেলা,2
সিএ,2
ক্যানসারের,2
উপস্থাপক,2
জীবনেও,2
ওভারিয়ান,2
আইডেনটিটি,2
অনুষদ,2
স্বায়ত্তশাসিত,2
যাকে,2
স্থায়ীভাবে,2
ধৈর্য,2
গ্রহণযোগ্যতা,2
বাস্তবতার,2
অপছন্দের,2
মানদণ্ডের,2
আচরণের,2
স্থায়িত্বের,2
পরিবর্তনকে,2
ইকরামুল,2
ইস্পাহানী,2
ইসলামিয়া,2
চক্ষু,2
প্রকাশ্য,2
ব্যবসায়ীর,2
ছুটে,2
জোয়াল,2
বুদ্ধি,2
তুমি,2
দাবিকে,2
জিন্নাত,2
পক্ষকে,2
প্রত্যয়িত,2
বিষয়বস্তুর,2
হেমায়েত,2
রেস্তোরাঁ,2
ইবনে,2
সুকৌশলে,2
চাহিদাসম্পন্ন,2
দণ্ডাদেশের,2
বাদীকে,2
রজনীগন্ধা,2
রাজ্জাকের,2
অর্ডার,2
বায়নানামা,2
সম্পাদিত,2
ব্যাংকে,2
চেকটি,2
অজুহাতে,2
সময়ক্ষেপণ,2
সরবরাহস্বল্পতা,2
রক্ষণাবেক্ষণে,2
৭০টি,2
চাপানো,2
জেনারেটর,2
ভীতি,2
এলপিজি,2
ডিপিডিসি,2
ব্যত্যয়,2
অর্ধেকের,2
বড়পুকুরিয়া,2
কয়লাবিদ্যুৎ,2
ঝাড়খন্ডে,2
আরইবি,2
৮০টি,2
আরইবির,2
করিম,2
অগ্নিদুর্ঘটনায়,2
সংকটও,2
স্কোরের,2
ক্রিডেন্সের,2
হাতঘড়ি,2
কল্লোল,2
জোনকে,2
ভিউ,2
দেওয়াই,2
৪৭টি,2
শরিফুল,2
বিশ্বকাপে,2
জার্মানি,2
আর্জেন্টিনার,2
অজানা,2
ফরোয়ার্ড,2
ফাহিম,2
দর্শক,2
মোক্তাদির,2
আমিনের,2
শর,2
বিশ্ববাজারে,2
পোশাকশিল্পের,2
উন্নয়নশীল,2
উত্তরণের,2
ইপিএ,2
কোরিয়ার,2
সিইপিএ,2
ইন্দোনেশিয়া,2
বাণিজ্যচুক্তি,2
জাহান্দার,2
লক্ষ্যমাত্রা,2
মুক্তাদির,2
হুইলার,2
এইচএস,2
খিলগাঁও,2
রেলগেট,2
চলন্ত,2
যুবকের,2
কয়লার,2
স্বল্পতা,2
জ্বালানিসংকটের,2
রূপান্তরের,2
এমএমসিএফটি,2
মহেশখালীর,2
মাহফুজ,2
এসটেক্স,2
সংকটকালে,2
সাশ্রয়ের,2
কাটানোর,2
মজুতের,2
অসহায়,2
ফুসফুস,2
সরবরাহকারী,2
পার্শ্ববর্তী,2
জোগান,2
তীব্রতর,2
উদ্বিগ্ন,2
পথও,2
একেএস,2
রূপান্তরে,2
সিলিন্ডারে,2
হটলাইন,2
রিফিল,2
ভেবে,2
পরিশ্রম,2
আবেগ,2
রেখেছিল,2
নদের,2
তীরে,2
আঞ্জুমান,2
সেক্টর,2
কোটালীপাড়া,2
চাচা,2
ডিএনএ,2
আগত,2
পত্রপত্রিকার,2
বর্ষের,2
হত্যাযজ্ঞ,2
দুবাইয়ে,2
বিএফআইইউর,2
কার্যধারা,2
বিচারে,2
ঢাকাসহ,2
ব্রাহ্মণবাড়িয়া,2
দিনাজপুর,2
যশোরে,2
মাদকদ্রব্য,2
শাস্তিযোগ্য,2
বিকল,2
বায়ুদূষণ,2
লুব্রিকেন্ট,2
এমজেএল,2
কোম্পানিগুলো,2
প্রক্রিয়াজাত,2
ইঞ্জিনের,2
আয়ু,2
পরিত্যক্ত,2
বিএসটিআই,2
ইমদাদুল,2
ভোক্তাদের,2
ভোক্তার,2
সরবরাহব্যবস্থার,2
৪০টি,2
বাজারজাতকরণ,2
বোতল,2
চট্টগ্রামবিষয়ক,2
নিয়ন্ত্রণমুক্তভাবে,2
কমিটিগুলো,2
ভঙ্গুর,2
প্রতিনিধির,2
ম্যাচের,2
সিলিং,2
অ্যাকসেসরিস,2
রানারআপ,2
মার্কেটিং,2
দায়বদ্ধতা,2
তেমনই,2
রঙিন,2
তুলতেই,2
ম্যাচে,2
সমবেত,2
বন্ধুসভার,2
লেখকদের,2
বন্ধুসভা,2
মুহসিনা,2
বুশরা,2
তৌহিদ,2
লেখালেখি,2
প্রকাশক,2
জাফর,2
ইলাহী,2
হককে,2
সেটার,2
জিপ,2
খরচও,2
অনিয়মে,2
অমূলক,2
২১১টি,2
পিকআপ,2
৫৯টি,2
২টি,2
স্ট্যান্ডবাই,2
বেলাল,2
হেলালুদ্দীন,2
গাড়িও,2
সুদমুক্ত,2
অবচয়,2
গাড়িঋণ,2
নেননি,2
অন্যরাও,2
চাননি,2
ভূঁইয়া,2
মাহমুদুল,2
আশরাফুজ্জামান,2
হেলাল,2
প্রজেক্টের,2
কাজেই,2
পানিসম্পদ,2
কাজও,2
অগ্রাধিকারপ্রাপ্ত,2
জনপ্রশাসনে,2
অপচয়ের,2
লোকপ্রশাসন,2
প্রশিক্ষণকেন্দ্রের,2
বিপিএটিসি,2
রেক্টর,2
জুড়ে,2
সমর্থক,2
লেখার,2
ওসিকে,2
গলিতে,2
প্রতিবেদনগুলো,2
তিনিই,2
পোহাতে,2
সত্যকে,2
কষ্টে,2
অনিবার্য,2
পরিণতি,2
আমদানিকৃত,2
বাসাবাড়িতে,2
এটিও,2
এফএসআরইউতে,2
মাহমুদকে,2
কার্ডিয়াক,2
জ্বালানিমন্ত্রীর,2
কাশির,2
স্বার্থবিরোধী,2
ভুঁইয়া,2
ফ্যাসিস্টদের,2
মহলের,2
নিন্দা,2
হতাশার,2
এফডব্লিউসিএমএস,2
পাঠিয়েছিল,2
বিদেশগামী,2
পড়বেনই,2
ঢাবি,2
আইনেও,2
প্রজাতন্ত্রের,2
সার্বক্ষণিক,2
গণতন্ত্রকে,2
রাষ্ট্রদূতের,2
বিকেন্দ্রীকরণ,2
বিনিময়ের,2
কার্যকরভাবে,2
প্রতিষ্ঠানগুলোকে,2
অবাধ,2
বদ্ধপরিকর,2
হাসানসহ,2
করিমের,2
প্রদানকারী,2
ব্যাগেজ,2
এয়ারলাইনসের,2
গ্রাউন্ড,2
নির্দিষ্টসংখ্যক,2
পারফরম্যান্স,2
অনুপাত,2
কারাবন্দীর,2
কুড়িগ্রামে,2
রফিকুলকে,2
ময়নাতদন্ত,2
আকবর,2
মণ্ডল,2
৭টা,2
সংশোধনীতে,2
গণমাধ্যমবিরোধী,2
অভিমত,2
গণমাধ্যমকে,2
প্রতিমন্ত্রীরা,2
মিডিয়ার,2
ডেইলি,2
স্টারের,2
ব্যক্তিও,2
বিষয়বস্তু,2
ফেসবুকের,2
নীতিগতভাবে,2
বিকশিত,2
আন্তর্জাতিকভাবে,2
ল,2
প্রতিষ্ঠায়,2
মর্যাদাপূর্ণ,2
ট্রুথ,2
হিউম্যান,2
ট্রাকচালক,2
জুনাইদ,2
আহ্মেদ,2
পলককে,2
চাঁদ,2
উদ্যান,2
ট্রাক,2
উদ্দীনকে,2
টিআর,2
অন্যথায়,2
প্রাইজ,2
রয়্যাল,2
রিবার,2
খাওয়াতে,2
কর্মপরিবেশ,2
বাতাস,2
লাগানো,2
যান্ত্রিক,2
বিনোদনের,2
শব্দে,2
ব্যস্ততম,2
চ্যালেঞ্জিং,2
বাঁচিয়ে,2
অনুষঙ্গ,2
সিটিজেন,2
ইঞ্জিনিয়ারিং,2
দূরত্বের,2
ব্যবহারকারীর,2
মডেলগুলোয়,2
ইভিটি,2
মিলিমিটার,2
রিদওয়ানুল,2
পদায়নের,2
যেদিন,2
বড়ই,2
প্রতিকূলতা,2
খাইয়ে,2
জুগিয়েছে,2
ডিমের,2
হারান,2
খামারে,2
দোকানও,2
গবাদিপশু,2
কৃষিকাজের,2
চালাচ্ছেন,2
উৎসাহ,2
ইচ্ছাশক্তি,2
চলাফেরা,2
তত,2
পরিবহনব্যবস্থা,2
সমাজকল্যাণ,2
জীবনমান,2
প্রবেশগম্যতা,2
প্রণোদনা,2
জীবনই,2
কমিউনিস্ট,2
প্রদর্শনীর,2
টিএসসি,2
চত্বরে,2
সমন্বয়কারী,2
ফয়জুল,2
হাকিম,2
লেখনী,2
বক্তৃতা,2
অবসান,2
সমাজব্যবস্থা,2
আকাঙ্ক্ষা,2
সোভিয়েত,2
সমাজতন্ত্রের,2
হতাশা,2
রেখেছিলেন,2
বিশ্লেষণের,2
বিশ্ববিদ্যালয়কে,2
জসীমউদ্দীন,2
ভবনগুলোর,2
জীবন্ত,2
উল্লাহসহ,2
চায়না,2
ফ্লাইটে,2
কাউন্সেলর,2
তানজীর,2
জোসেফ,2
ট্রেডিং,2
হাটহাজারীতে,2
ফায়ারিং,2
সিএমএইচ,2
সিএমএইচে,2
সুজাউদ্দৌলা,2
মৃত্যুতে,2
রহিমি,2
জাহানাবাদি,2
তুরস্ক,2
চুক্তিটিকে,2
ঘাঁটি,2
যাচ্ছি,2
আব্বু,2
ফোনে,2
আত্মীয়,2
পারায়,2
পাঠাই,2
অ্যাম্বুলেন্সে,2
কুমিল্লার,2
ব্যক্তিগতভাবে,2
ব্যাটসম্যানদের,2
বলত,2
ইউরেনিয়াম,2
ক্ষেপণাস্ত্র,2
দেখতেই,2
ক্ষেপণাস্ত্রগুলো,2
জর্ডান,2
আমেরিকান,2
সমুদ্রপথ,2
নই,2
সদস্যদেশগুলো,2
দিয়েছিলাম,2
সংশ্লিষ্টতার,2
বিইআরসি,2
গণশুনানির,2
বিলিং,2
ম্যানেজমেন্টের,2
প্যারামিটার,2
বিইআরসিকে,2
যৌক্তিকভাবে,2
ওপেন,2
চার্জের,2
অ্যাকসেস,2
আজিম,2
কাসেম,2
জালাল,2
সীমাবদ্ধতাগুলো,2
উদ্দেশ্যপ্রণোদিত,2
সনদের,2
জনপ্রতিনিধি,2
পর্যালোচনায়,2
ইউএস,2
মতপার্থক্য,2
ভাবার,2
ইনভেস্টিগেশনের,2
অপারগতা,2
বাসভবনে,2
ধাক্কার,2
বলিউড,2
সঙ্গী,2
দিনেই,2
শ্রমিকেরা,2
ট্যাংকারে,2
লিওনেল,2
মেসি,2
দিলারা,2
শুনে,2
বিস্মিত,2
বরেণ্য,2
শুয়ে,2
ধাপের,2
সাবরেজিস্ট্রারের,2
দলিলটি,2
পারিশ্রমিক,2
আইনত,2
নিবন্ধনযোগ্য,2
এটিই,2
বাঁচানো,2
ঘটনাটিতে,2
ব্যবস্থাই,2
সাবরেজিস্ট্রার,2
ভিজিট,2
এপ্রিলে,2
বিমানের,2
জোরদারে,2
সামগ্রিকভাবে,2
ড্রিমলাইনার,2
অক্টোবরের,2
বণ্টন,2
সাচিং,2
লিংকন,2
নাশকতামূলক,2
সদস্যদেরও,2
জানাচ্ছেন,2
প্রতিটা,2
মনের,2
অবলম্বন,2
২৪তম,2
সার্টিফিকেট,2
প্যানিক,2
অ্যাটাক,2
ঘুমের,2
আইসিইউতে,2
পৌঁছেছিল,2
পেতেই,2
শুনেই,2
ব্যবস্থাপত্র,2
ছেলেটা,2
সেন্ট্রাল,2
বকা,2
আক্ষেপ,2
পড়ল,2
ইনসুলিনের,2
প্রচুর,2
কার্যক্ষমতা,2
অসংক্রামক,2
চর্বির,2
ছেলেমেয়ের,2
অসংলগ্ন,2
রোগটি,2
নঈম,2
ওয়ারা,2
সেদিকে,2
ফেলেছিলেন,2
দুদিন,2
ফ্রিজে,2
দেখলাম,2
বিভিন্নভাবে,2
হয়রানির,2
বিসিএস,2
ক্যাডারসহ,2
ইনক্রিমেন্টও,2
টিএ,2
ডিএসহ,2
অবলুপ্ত,2
ভাতাগুলো,2
পরিকল্পনামন্ত্রী,2
প্রীতি,2
কানেকটিভিটি,2
দৃঢ়তা,2
অন্যায়ের,2
দীপ্ত,2
বঙ্গাব্দের,2
নিভে,2
সাহিত্যের,2
যুগে,2
বাঁশের,2
নজরুলকে,2
সম্মানসূচক,2
যাত্রার,2
চট্টগ্রামকে,2
নেভি,2
কনভেনশন,2
ইভেন্টে,2
চেনা,2
শহরকে,2
আড্ডা,2
গন্তব্য,2
ইভেন্টের,2
অধ্যায়ের,2
উদযাপন,2
অ্যাভিনিউয়ে,2
আবরার,2
২২তম,2
রহমানসহ,2
আজীম,2
প্রধানকে,2
প্রিন্সিপাল,2
স্টাফ,2
সাবস্ক্রিপশন,2
পেমেন্টের,2
জেমিনাই,2
বুদ্ধিমত্তার,2
অপারেটরটি,2
শেখা,2
প্যাকেজ,2
ওয়ানএআইয়ের,2
অ্যাপে,2
এভরি,2
সাদেকুল,2
কতজন,2
বিভ্রান্তি,2
৮০৮টি,2
আকাশ,2
অগ্রহণযোগ্য,2
সন্ধিক্ষণের,2
উদীয়মান,2
নির্বাহ,2
সক্রিয়তা,2
বাঙলার,2
সোবহান,2
চেয়ারপারসন,2
বুঝি,2
পৃথিবীতে,2
ব্যাখ্যায়,2
কণ্ঠস্বরের,2
ফেলছে,2
বৈষম্যে,2
ক্ষমতাবান,2
আমাদেরও,2
অপরিকল্পিতভাবে,2
সিডিএমে,2
ইউজিসির,2
অর্থনীতিকে,2
দেশজ,2
বিশ্ববিদ্যালয়গুলোর,2
মাছুমা,2
হিসাবগুলো,2
প্রক্রিয়াধীন,2
জনবিভাগে,2
মোহাম্মদকে,2
নিয়োজিত,2
সরওয়ার,2
এটিএন,2
আনুগত্য,2
শান্তিশৃঙ্খলা,2
জিয়াকে,2
অপারেশনাল,2
আকাশপ্রতিরক্ষা,2
উন্মোচিত,2
কমান্ড,2
আনম্যান্ড,2
এরিয়েল,2
হেলিকপ্টার,2
অ্যারাবিকা,2
রেস্টুরেন্ট,2
সিদ্দিকের,2
সিকদার,2
ডোপ,2
পরিকল্পিতভাবে,2
ডাকাতির,2
ঘটিয়ে,2
মধুবালার,2
পরবর্তীতে,2
ঘুসি,2
পেজের,2
৭০টির,2
পিএলসি,2
স্থানের,2
অপস,2
কাদেরিয়া,2
ধাওয়া,2
স্থানীয়রা,2
নেপথ্যে,2
বিরোধের,2
সূত্রপাত,2
ঘোষ,2
প্রকৃতপক্ষে,2
উত্তেজনার,2
নোটিশের,2
সার্টিফিকেশন,2
বিধিবদ্ধ,2
মূল্যবোধের,2
বিবাদী,2
ভেটিং,2
পর্বটি,2
প্ল্যাটফর্মগুলোতে,2
পডকাস্টের,2
টিয়া,2
শ্রেণিতে,2
শখের,2
শখ,2
সম্ভাবনাও,2
মার্কেটে,2
ভেড়া,2
ইনস্টিটিউটে,2
ছিলাম,2
কৃষিভিত্তিক,2
বোধ,2
এখনকার,2
জিততে,2
টিআইএন,2
প্রণালিতে,2
রকেট,2
সবকিছুই,2
আজই,2
চিত্রনায়িকা,2
পপি,2
রেজিস্টার,2
প্রযুক্তিতে,2
সারফেস,2
অবিকল,2
স্থপতি,2
নাউ,2
এক্সক্লুসিভ,2
আলীকে,2
শুকায়নি,2
ক্ষত,2
প্রসূতির,2
গলব্লাডারে,2
রাজশাহীর,2
সাপেক্ষ,2
ফুসফুসের,2
ফুসফুসবহির্ভূত,2
সেবন,2
দোতলা,2
নার্স,2
লেবার,2
বর্গফুট,2
অটোক্লেভ,2
দিনও,2
পাশেই,2
প্রসবে,2
এড়ানো,2
শরীয়তপুর,2
ভেদরগঞ্জ,2
ক্লিনিকে,2
ক্লিনিকের,2
শুনছি,2
আশ্রয়স্থল,2
অর্ডারে,2
আইনমন্ত্রীর,2
ঘটাবেন,2
ব্যারিস্টার,2
উদ্ধৃত,2
সকলের,2
প্র্যাকটিস,2
প্রতিপক্ষ,2
স্বাভাবিকভাবে,2
বৃত্তান্ত,2
ভাইস,2
সহধর্মিণী,2
ন্যায়পরায়ণতা,2
অধ্যবসায়,2
আল্লাহ,2
সহমর্মিতা,2
সম্মান,2
আল্লাহর,2
সভ্য,2
অপমান,2
পত্রিকার,2
পুনরুজ্জীবিত,2
সহকর্মীদের,2
মোশারফ,2
বিঘ্ন,2
নিরবচ্ছিন্নভাবে,2
৬৮টি,2
কিশোরগঞ্জ,2
জাকাত,2
ফান্ডে,2
নৌযানের,2
ইস্কাটন,2
নিথর,2
দেহ,2
সিআইডির,2
ফাঁকা,2
নুর,2
পুরুষদের,2
ফাতেমা,2
অনুপস্থিতি,2
খাতুন,2
মেডিসিন,2
হাসিবা,2
নিজেও,2
প্রকৌশলীর,2
খুদে,2
মশকনিধন,2
বছরব্যাপী,2
প্রচারণা,2
ভ্রাম্যমাণ,2
আপত্তি,2
সিটিও,2
চালাচ্ছে,2
বাজারদরের,2
দি,2
হাসপাতালগুলোয়,2
স্প্রে,2
হুইলবারো,2
৬০টি,2
৩৯টি,2
প্রজননস্থলের,2
কৌশলে,2
আগেরবার,2
সুযোগটি,2
মালিকানায়,2
দুটো,2
বিএমইটির,2
যোগসাজশে,2
রিঙ্গিত,2
এককভাবে,2
শ্রীলঙ্কা,2
ফিলিপাইনের,2
রিয়াজুল,2
সহযোগীর,2
সম্ভাবনার,2
নিয়োগকর্তার,2
প্রতারক,2
কেরানীগঞ্জ,2
বারেক,2
কয়েদি,2
কারারক্ষী,2
দুইটার,2
নেত্রকোনা,2
বিদ্যুৎকেন্দ্রগুলোর,2
পেতেও,2
ডিপিএম,2
সামলানো,2
৪টি,2
আমদানিতে,2
পাওনা,2
মধ্যমেয়াদি,2
পাথরঘাটা,2
জেলে,2
গভীরে,2
নামক,2
সাপোর্টের,2
নৌকার,2
আসতেন,2
আনত,2
লাশগুলো,2
দুয়ানীতে,2
মাঝি,2
মাঝিকে,2
বটতলা,2
মানিকখালী,2
তোমার,2
পাচ্ছি,2
আমারও,2
চারঘাট,2
গল্পের,2
চরিত্রের,2
মিমির,2
পাঠ্যবইয়ের,2
আলোকিত,2
বইগুলো,2
সায়ীদ,2
শিক্ষার্থীরাই,2
জগতে,2
ফেলুদা,2
রংপুরের,2
লাইব্রেরিতে,2
ইসহাক,2
জমাদ্দার,2
ঝালকাঠির,2
ক্যাপাসিটি,2
আমজাদ,2
সরকারগুলোর,2
টিসিএফ,2
দুর্নীতিগ্রস্ত,2
অসম,2
পেছনের,2
বাড়াচ্ছে,2
ওমানের,2
সবশেষ,2
গানভরের,2
১১৫টি,2
৩৬টি,2
ওয়েবসাইটের,2
দোহায়,2
ইউরোপ,2
গানভর,2
নাইজেরিয়া,2
অনিশ্চয়তা,2
বছরেও,2
কেনায়,2
লোকসান,2
সাংবিধানিকভাবে,2
মুলতবি,2
বজলুল,2
হুদার,2
জোয়ার,2
ভাটার,2
অবস্থানরত,2
সাঁজোয়া,2
র্যাবে,2
মতিউর,2
লে,2
অধিনায়কের,2
চরদুয়ানী,2
ট্রলারে,2
সুকানিকে,2
লোকটিকে,2
মেপে,2
বাঁ,2
এরপরও,2
মন,2
বলব,2
অবস্থানকালে,2
ভিটেবাড়ি,2
রূপা,2
ইউনিটি,2
ডিআরইউ,2
কাঁদছিলেন,2
নিঃশব্দে,2
প্ল্যাকার্ডে,2
সিয়াম,2
খেলনা,2
করুন,2
পাংশা,2
শ্বশুরবাড়িতে,2
বেড়াতে,2
ওর,2
খাদিজা,2
গনেশ,2
দিনাজপুরের,2
জামিয়া,2
ইসলামীয়া,2
দারুল,2
উলুম,2
আব্দুল্লাহকে,2
কাজলা,2
শনির,2
আখড়া,2
পদচারী,2
লিল্লাহি,2
ওয়া,2
ইলাইহি,2
রাজিউন,2
ওয়াটারএইডের,2
প্রথমা,2
প্রকাশন,2
প্রদায়ক,2
ক্যাডেট,2
যোগাযোগমাধ্যম,2
মানসিকভাবে,2
সাক্ষাতে,2
থমকে,2
মেডিকেলের,2
দাঁড়িয়েছিলেন,2
সেকেন্ড,2
অনুরোধের,2
দেলোয়ার,2
খোদা,2
বক্স,2
মুগ্ধ,2
শুনতেই,2
সত্তরের,2
নাটকের,2
উত্তরণ,2
চিৎকারে,2
খেয়াল,2
গেলাম,2
ছেলেটাকে,2
বিচলিত,2
কথাটা,2
ভয়ে,2
শিখো,2
রুমের,2
এরপরই,2
প্রত্যয়,2
জেএমআই,2
একার,2
কবীরের,2
অভিযোগপত্রে,2
চারতলা,2
প্রস্তুতির,2
এলাহী,2
হামলাকে,2
সদস্যদেশগুলোর,2
শাহাব,2
ভাষণ,2
পালানোর,2
পিএসসি,2
পলায়নের,2
অভিযোগই,2
চুরির,2
ক্রিকেটার,2
উজ্জ্বল,2
ভাড়ার,2
গণপরিবহন,2
কিলোমিটারপ্রতি,2
উড়ালপথে,2
ডিএমটিসিএলের,2
এশীয়,2
টিকিট,2
সুদ,2
নির্মাণকালীন,2
মস্তিষ্কের,2
শিখনের,2
দেখাই,2
সাতক্ষীরার,2
বাবাদের,2
অপুষ্টি,2
জেনা,2
হামাদানি,2
ভোলা,2
শিশুও,2
ঝরে,2
রেয়াতি,2
সুবিধায়,2
আমদানিসংক্রান্ত,2
বিনিয়োগকারীরা,2
অগ্রগতির,2
শেয়ারবাজারে,2
চাঙা,2
যুক্তরাজ্যভিত্তিক,2
খনি,2
লিজের,2
এক্সচেঞ্জের,2
সহিংসতার,2
ছাত্রশিবিরের,2
পুনর্গঠিত,2
শিবির,2
ছাত্ররাজনীতিতে,2
ভিপি,2
তোফায়েল,2
হট্টগোল,2
হাননান,2
মালেক,2
উত্তপ্ত,2
ময়দান,2
মন্তব্যের,2
আইয়ুব,2
তৈরিও,2
বাঙালির,2
জিন্নাহকে,2
গৌরবান্বিত,2
অ্যাভিনিউয়ের,2
ইউসুফকে,2
রেস্তোরাঁর,2
খুনি,2
সহকর্মীকে,2
গুলিটি,2
কাউন্টারের,2
সানিডেলের,2
পরিবর্তনে,2
প্রতিশ্রুতিও,2
প্রধানের,2
আজিজুর,2
অ্যান্টিটেররিজম,2
করিমকে,2
র্যাপিড,2
এসবির,2
বিরাট,2
ধরেছে,2
মেলানিয়া,2
জনসমক্ষে,2
খরচা,2
ফাইন,2
শুনেছেন,2
ফ্রড,2
বলবেন,2
অ্যার্টনি,2
সেনসেটিভ,2
আসিনি,2
নিকৃষ্টতম,2
অপরাধগুলোর,2
মানবাধিকারের,2
চরমতম,2
বাণীতে,2
অমানবিক,2
প্রয়োগকারী,2
সরকারবিরোধী,2
নিষ্ঠুর,2
বন্দিশালা,2
জঘন্য,2
কাটে,2
ফ্যাসিবাদবিরোধী,2
ঐক্য,2
উদ্ধারকর্মীদের,2
ছড়িয়েছে,2
সময়কার,2
কেগেতি,2
ঘরবাড়ি,2
অক্ষত,2
চিতওয়ান,2
নারায়ণগড়ে,2
রং,2
বুদ্ধমূর্তির,2
রমেশ,2
সংবাদের,2
সীমান্তের,2
রাসুওয়াগাধি,2
চিতওয়ানে,2
সম্পর্কেও,2
গুগল,2
ফুটেজের,2
প্ল্যাটফর্মগুলোর,2
থাকলেই,2
রাখলেও,2
পক্ষগুলোর,2
করাসহ,2
বেতার,2
কাবিননামায়,2
কনের,2
ইশরাত,2
পূর্ববর্তী,2
পেপার,2
মুজিবের,2
স্বৈরাচারবিরোধী,2
স্বৈরাচার,2
মুনীর,2
বিজয়,2
আসিফরা,2
মুহিউদ্দীনের,2
শোটির,2
মুহিউদ্দীন,2
ভুঁইয়ার,2
রিপন,2
লাইসেন্সপ্রাপ্ত,2
ট্রান্সফরমেশন,2
স্টার,2
চিপ,2
নম্বরসহ,2
পলিমার,2
মডিফাইড,2
কার্পেটিংয়ের,2
রাবার,2
বর্ষাকালে,2
রিকশার,2
ভেটিংয়ের,2
নীতিমালাটি,2
রিকশাগুলো,2
বিপাকীয়,2
সেমিনারটির,2
সোসাইটি,2
সায়েন্টিফিক,2
ফার্মাসিউটিক্যালস,2
রাশিদা,2
পিসিওএসের,2
সমস্যাকেই,2
এন্ডোক্রাইন,2
ডিম্বস্ফোটন,2
হৃদ্রোগের,2
ওজিএসবির,2
সায়েবা,2
আনবে,2
নিয়ন্ত্রিত,2
ইন্দ্রজিৎ,2
প্রসাদ,2
সোসাইটির,2
কবিরকে,2
আমানতের,2
খসড়ায়,2
সংজ্ঞা,2
মানহানিকর,2
শাস্তির,2
দৃষ্টিভঙ্গির,2
পরিবারকল্যাণ,2
টেকসইভাবে,2
কানাডা,2
বর্ষপূর্তিতে,2
ইইউর,2
প্রত্যাবাসনের,2
ফিনল্যান্ড,2
নরওয়ে,2
বাস্তুচ্যুতির,2
রোহিঙ্গারা,2
রাখাইনে,2
ক্রমেই,2
জোরালোভাবে,2
সনাতন,2
হিন্দু,2
লঙ্ঘনকারী,2
ফির,2
পাইনি,2
মোড়ে,2
ফ্রিকোয়েন্সি,2
বাম্পার,2
সেতুতে,2
তথ্যভান্ডারে,2
মুহূর্তের,2
কারামুক্তিতে,2
নোমান,2
ভেঞ্চার,2
স্পোর্টস,2
ফ্রাইডে,2
অ্যারিয়ালের,2
অতিথিদের,2
ফ্রাইডের,2
বিস্তারিতভাবে,2
দিয়েও,2
ধারদেনা,2
শোধ,2
অভিজাত,2
ফলের,2
কৃষিকে,2
ইউনিভার্সিটিতে,2
কৃষিপণ্যের,2
প্রযুক্তিপণ্য,2
মোড়কজাতকরণ,2
কাজকে,2
গোষ্ঠীকে,2
জিম্মি,2
শিল্পপ্রতিষ্ঠান,2
তহবিলে,2
মহিউদ্দিন,2
পররাষ্ট্রমন্ত্রীদের,2
সৌদ,2
ওআইসি,2
রাশিয়ার,2
বিস্ফোরণে,2
আলাল,2
দেখভাল,2
কথাবার্তা,2
মনোভাব,2
বাঁচার,2
মরার,2
শিপলু,2
ইউএনও,2
বাসাবাড়ি,2
টেলিভিশনে,2
ডেথরেফারেন্স,2
জেল,2
শাসনব্যবস্থার,2
অভিহিত,2
র্যামন,2
ম্যাগসাইসাই,2
টমি,2
কোহ,2
বো,2
চি,2
মানবাধিকারকর্মী,2
ক্ষমতায়নে,2
১৪৫টি,2
ক্ষমতায়ন,2
এশিয়ায়,2
শীর্ষে,2
ফোরামের,2
ডব্লিউইএফ,2
গ্যাপ,2
ফেলো,2
পড়লেও,2
এযাবৎকালের,2
সরকারপ্রধান,2
ছোটখাটো,2
১২০তম,2
সুস্থভাবে,2
যথাক্রমে,2
শরীফ,2
মিয়াজী,2
আতিকুজ্জামান,2
অটোরিকশায়,2
রোধ,2
খুলতে,2
আসাদুরের,2
পূজা,2
সংখ্যক,2
স্বজনপ্রীতি,2
পঞ্চবার্ষিক,2
পরদিনই,2
সিজিএস,2
সুশাসনের,2
ব্রিকস,2
ন্যায়ভিত্তিক,2
পরিদর্শনের,2
সানজিদা,2
সামিট,2
ক্ষমতাবানই,2
ফ্যাসিবাদ,2
আইনানুগ,2
নিশ্চয়তা,2
অপমানজনক,2
মৈত্রী,2
তদবির,2
বিধিমালার,2
নিয়ন্ত্রণকারী,2
অবরুদ্ধের,2
জব্দের,2
বিপিসিএল,2
বর্ষপূর্তি,2
মনোবিজ্ঞানী,2
পর্বতারোহী,2
বাবর,2
সুস্থতার,2
শেরপুর,2
নোয়াখালী,2
সালাউদ্দিন,2
খাগড়াছড়ি,2
বিমোচন,2
সহকারীর,2
গাড়িচালকের,2
ওবায়দুরের,2
মগবাজারের,2
খিলক্ষেত,2
আমিনুর,2
কুর্মিটোলা,2
মহাকাশে,2
মোতায়েনের,2
গোলটি,2
ক্রসফায়ারে,2
এহসানউল্লাহ,2
মাহবুলকে,2
ঘটিয়েছেন,2
হাসানাত,2
বিচারবহির্ভূত,2
পেছাল,2
মৈনট,2
ঘাট,2
সানির,2
এহছানুল,2
ইউজিসিকে,2
ট্রেনিং,2
নথিপত্র,2
ওএসডি,2
অগুরুত্বপূর্ণ,2
জনপ্রশাসনের,2
হাইড্রোসেফালাস,2
মমিন,2
আয়শা,2
আরিফুলের,2
ফারহানা,2
কুরুচিপূর্ণ,2
পেশার,2
মাদারীপুরে,2
পিরোজপুরের,2
খানসহ,2
কাউন্টে,2
মারো,2
ওদের,2
সম্বোধন,2
ছাত্রলীগকে,2
নারীসহ,2
বিশ্ববিদ্যালয়সহ,2
ওয়াসিম,2
ফারুককে,2
সাঈদসহ,2
অ্যাট,2
দেখামাত্রই,2
পাড়া,2
মহল্লায়,2
মাহফুজুল,2
আলমসহ,2
রায়হান,2
নাছিমের,2
প্ররোচনার,2
সংঘটনের,2
মিয়াকে,2
নাইটিঙ্গেল,2
কোটা,2
ছাত্রলীগসহ,2
আলাপ,2
অফ,2
অনুসারীদের,2
ভাস্কর্যে,2
সাদ্দামের,2
গেব্রেয়াসুসের,2
যোগ্যতার,2
ডব্লিউএইচওতে,2
ওয়ার্ডকে,2
ক্র্যাশ,2
ছিটানোর,2
সময়সূচি,2
ধোঁয়ার,2
ধ্বংসে,2
নির্মাণাধীন,2
আঙিনা,2
শেখানো,2
দেশগুলোতেও,2
বিএমইটি,2
কম্বোডিয়ায়,2
বদলাতে,2
সমপরিমাণ,2
শ্রমবাজারটি,2
স্ক্যাম,2
ভূমধ্যসাগর,2
উল্লেখ্য,2
ঠিকই,2
সাংবাদিককে,2
শ্যামল,2
মোজাম্মেল,2
ভোরের,2
একাত্তর,2
সাইটটির,2
উগান্ডা,2
কেনিয়া,2
সিয়েরা,2
রামানাথন,2
অ্যাপ,2
রিভিউ,2
উদ্যোগগুলোর,2
কৃষিমন্ত্রী,2
আহরণে,2
এলাকাগুলোতে,2
কোস্টগার্ড,2
নৌপরিবহন,2
টিএফআই,2
শফিকুল,2
খুঁড়ে,2
ভোগান্তিতে,2
সড়কটি,2
কামরাঙ্গীরচর,2
সার্কুলার,2
এক্সপ্রেসওয়ে,2
নদ,2
লাইসা,2
ঘোষের,2
সোর্স,2
রিডাকশন,2
ট্যাবলেট,2
প্রশিক্ষিত,2
ক্লিন,2
বর্ষা,2
দুরবস্থার,2
অতিবৃষ্টি,2
সংস্কারকাজের,2
দৈর্ঘ্য,2
অলিগলি,2
সড়কগুলোর,2
নর্দ্দা,2
চাক্কা,2
চাকা,2
বিপরীত,2
ফাটল,2
বছিলা,2
প্রিয়াঙ্কা,2
চায়নিজ,2
আড়াআড়ি,2
অবস্থাও,2
আরসিসি,2
বারবিঘা,2
নোংরা,2
সড়কটির,2
বাসাবো,2
গেন্ডারিয়া,2
জুরাইন,2
আগামাসি,2
হাতিরপুল,2
সোনারগাঁও,2
এমটিএম,2
ইকতিয়ারউদ্দিন,2
কামরুন,2
ক্লায়েন্টকে,2
সাধক,2
শিল্পকলা,2
ভাবসংগীত,2
ভেদাভেদ,2
মন্দির,2
ত্রিবেদী,2
বিভেদ,2
মানবিকতার,2
প্রদীপ,2
শিল্পীদের,2
শিল্পীরা,2
করপোরেশনকে,2
খয়বর,2
সিটিকে,2
পুরান,2
বাবুবাজার,2
ব্রিজের,2
বাদামতলী,2
আরমানিটোলা,2
ভ্যান,2
ফুটপাতে,2
চত্বরের,2
দিলকুশা,2
চত্বর,2
ইউটার্ন,2
উল্লিখিত,2
শোভাযাত্রা,2
ক্ষতিকারক,2
ঘ্রাণের,2
আনে,2
বসালে,2
আটকানো,2
আমতলা,2
ভুনা,2
কোনোমতে,2
তরকারি,2
আটটায়,2
জ্বলে,2
সকালের,2
নাশতা,2
পান্তা,2
ঢোকে,2
স্টেশনে,2
ঢুকেছে,2
চলত,2
কিলোমিটারও,2
নিয়া,2
সালামের,2
সম্মাননাপ্রাপ্ত,2
খ্যাতিমান,2
রিসার্চার,2
সহিদ,2
মুহা,2
শতাব্দী,2
গানটির,2
ভট্টাচার্যের,2
জন্মশতবর্ষ,2
প্রাদেশিক,2
আবৃত্তি,2
প্যাসিফিক,2
হার্ডওয়্যার,2
দানা,2
দিঘির,2
বিস্মৃতির,2
খণ্ডে,2
রদ,2
অভ্যর্থনা,2
হাউস,2
অনুপযোগী,2
মঈনুদ্দিন,2
মিস্ত্রি,2
শ্যামপুর,2
বড়ইতলা,2
মহাখালীর,2
সাজ্জাদের,2
পেছন,2
কাফরুল,2
ম্যানহোলের,2
শামীমকে,2
শিক্ষালয়,2
বাসিত,2
রাশিদুল,2
ফুটপাতের,2
অস্থায়ী,2
ডিবি,2
মোসলেহ্,2
ব্যারাক,2
থানাকে,2
গোলপোস্টে,2
শট,2
হাতাহাতিতে,2
উত্তেজিত,2
ঝুলিয়ে,2
বিজ্ঞাপনের,2
অক্ষরে,2
কন্ডিশনস,2
উদ্দেশ্যমূলকভাবে,2
অফারটি,2
ঝুলন্ত,2
বংশাল,2
আরডিপিপি,2
পথের,2
লিবিয়ার,2
ডিটেনশন,2
প্রত্যাবাসিত,2
এহসান,2
নাজমুন,2
আনজুমান,2
ফেরদৌসি,2
খুশী,2
বিদ্যুৎস্পৃষ্ট,2
প্রত্নতাত্ত্বিক,2
নিতাই,2
সংস্কৃতিমন্ত্রী,2
বাঁধ,2
পাংশার,2
একপেশে,2
ব্যারাজের,2
সাইটে,2
দারাজের,2
ভিজিল্যান্স,2
কম্পন,2
ছিনতাইকারীরা,2
ফাঁকফোকরের,2
ছিনতাই,2
ছিনতাইকারী,2
ভিকারুননিসা,2
নূন,2
টান,2
বালিকা,2
ভবঘুরে,2
ঝলকানি,1
অ্যাঞ্জেলেসে,1
পূর্তি,1
উদ্যাপনের,1
বুরব্যাংকের,1
সায়েন্টোলজি,1
অনুষ্ঠানেও,1
একঘেয়েমি,1
মুখর,1
বাংলাদেশিসহ,1
অ্যাওয়ার্ডের,1
তালিকাটিও,1
মেধার,1
ইন্সপায়ারিং,1
ইনফ্লুয়েনশিয়াল,1
তাজ,1
লিডার,1
মেহরান,1
লাইফটাইম,1
অ্যাচিভমেন্ট,1
গ্রিসেলদা,1
ভাসকেজ,1
এলিট,1
স্কুলস,1
অ্যাডমিটস,1
মেমোর,1
জিবরান,1
জিবু,1
সুলিন,1
ইমপ্রুভড,1
সাকিবা,1
লাইকলি,1
সাকসিড,1
আনিয়া,1
ম্যাথ,1
মাস্টারি,1
আইমান,1
মিলনায়তনজুড়ে,1
ক্যামেরাবন্দী,1
অর্জনও,1
নামি,1
উপলক্ষ,1
লিটল,1
সেফালন,1
কমিউনিটিতে,1
কোরিয়ান,1
ফিলিপিনো,1
ইথিওপীয়,1
মঙ্গোলীয়,1
লাতিনোসহ,1
সাফল্যই,1
কৃতজ্ঞতার,1
সালমা,1
তাঁকেও,1
জেবুন,1
অ্যাঞ্জেলেসপ্রবাসী,1
মেলা,1
কমিউনিটিকে,1
সমাজসেবী,1
স্কলারশিপ,1
বিতরণেই,1
অনুষ্ঠানজুড়ে,1
মাইকেল,1
জ্যাকসনের,1
পরিবেশনার,1
বহুজাতিক,1
মিলনমেলায়,1
গর্ব,1
আনন্দঘন,1
মিলনমেলা,1
রুট,1
পারমিট,1
সম্মতির,1
হালনাগাদের,1
শেষবারের,1
নবায়ন,1
তানজীন,1
ওহাব,1
একজনসহ,1
বিশারদ,1
মানি,1
লন্ডারিংয়ের,1
অনুসন্ধানকালে,1
অপরাধবিষয়ক,1
থাকতেও,1
তথ্যদাতাদের,1
ঘোষণাও,1
সুপারের,1
খুলনায়,1
অশ্বাস,1
জটের,1
ডিরেকশন,1
গিয়েছে,1
সময়সীমার,1
অলরেডি,1
সেগুলোও,1
ব্রিফিংয়ের,1
ঘটার,1
ঐক্যবদ্ধভাবে,1
অপারেশনস,1
কোয়ার্টারে,1
অপরাধচিত্র,1
আইজি,1
দক্ষতার,1
জমানো,1
কলকারখানা,1
কোল্ড,1
শীতাতপনিয়ন্ত্রণ,1
লোড,1
লজিস্টিকস,1
মূল্যকে,1
অকল্পনীয়ভাবে,1
সম্পদশালী,1
ব্যবহারেও,1
গরমের,1
নির্মাণসামগ্রী,1
শীতলীকরণের,1
ধরুন,1
বায়ুপ্রবাহ,1
করিডর,1
এগুলোর,1
পর্যায়ভিত্তিক,1
পুনর্গঠনে,1
ঢাকাকেন্দ্রিক,1
স্কাউটসের,1
বিএনসিসির,1
হাইস্কুল,1
ইবতেদায়ি,1
কানেক্টেড,1
গার্লস,1
গাইড,1
স্কাউটস,1
ভলান্টিয়ারসহ,1
ভাঙারি,1
এসিড,1
জন্মায়,1
ঘটানো,1
ময়লাগুলা,1
রোগজীবাণু,1
কাজটা,1
হব,1
অসচেতনভাবে,1
পরিচ্ছন্নতাই,1
দ্রব্যমূল্য,1
বিলিয়া,1
সিটিজেনস,1
সিএফবি,1
অ্যাডভান্সড,1
ইনিশিয়েটিভস,1
বিসিএআই,1
পরিকল্পনায়ও,1
রাতারাতি,1
আমদানিনির্ভর,1
জ্বালানিনীতি,1
লোভের,1
প্রতারণারও,1
খোঁজার,1
দ্রব্যমূল্যের,1
ঊর্ধ্বগতি,1
বিচারহীনতার,1
নারীপক্ষ,1
অভ্যুত্থানকালে,1
সহিংসতাসহ,1
উচ্চাশা,1
পারসেপশন,1
অব্যবস্থাপনার,1
আধিপত্য,1
প্রভাবমুক্ত,1
গঠনসহ,1
চিকিৎসাবিজ্ঞান,1
কাটাতে,1
হান্নান,1
প্রবিধান,1
পানিচুক্তির,1
বিজেপির,1
ইউনাইটেডকে,1
জোটবদ্ধভাবে,1
জেডিইউর,1
কার্যকরী,1
পার্লামেন্টের,1
উচ্চকক্ষ,1
রাজ্যসভার,1
আশ্বাসের,1
রাজ্যসভায়,1
দিকগুলো,1
পানিশক্তি,1
পরামর্শসভাগুলোতে,1
চাহিদাসহ,1
প্রতিক্রিয়ায়,1
সিদ্ধান্তই,1
নিক,1
ন্যায্যভাবে,1
অনুগ্রহ,1
চাইছি,1
উপনদীগুলোর,1
হিস্যা,1
পানিসম্পদমন্ত্রী,1
ডিটেক্টিং,1
কাউন্টারিং,1
মিসইউজ,1
প্রতিষ্ঠানটিকে,1
জিটিটি,1
সাবির,1
কোম্পানিরই,1
প্রতিদ্বন্দ্বীদের,1
সফটওয়্যারও,1
কনটেন্টকে,1
অভ্যন্তরীণভাবে,1
ফেক,1
কনটেন্টগুলোকে,1
উত্তেজক,1
সত্যিকারের,1
টিকটকের,1
লাইভস্ট্রিমে,1
ক্লাউড,1
ফোল্ডারে,1
অডিও,1
এপিআই,1
স্ক্রিপ্ট,1
কনটিনিউয়াস,1
আইপি,1
ইউনিফর্মলি,1
লীগপন্থী,1
লক্ষ্যবস্তু,1
কৌশলের,1
এনসিপিকে,1
তালেবান,1
শরিয়াভিত্তিক,1
পরিকল্পনাকারী,1
সহিংসতা,1
স্কোয়াডে,1
ছাত্রনেতাদের,1
চিত্রিত,1
আন্তদলীয়,1
ব্রেকআউট,1
ক্যাটাগরি,1
শ্রেণীবদ্ধ,1
নেটওয়ার্কটি,1
অ্যাকাউন্টগুলো,1
আচরণগত,1
জাজেস,1
লাউঞ্জে,1
নবনিযুক্ত,1
শপথবাক্য,1
পাঁচজনে,1
বিচারপতিরা,1
নিয়োগসংক্রান্ত,1
এমএসএস,1
এলএলবি,1
কবরে,1
নগরে,1
পুষ্পমাল্য,1
অর্পণ,1
ফাতিহা,1
আত্মার,1
মাগফিরাত,1
লেকে,1
পোনা,1
সমাধিস্থলে,1
লোকান্তরে,1
কেন্দ্রীয়ভাবে,1
সভাসহ,1
রিজেন্ট,1
করিমসহ,1
আদালতকক্ষে,1
বিরিয়ানি,1
খাচ্ছেন,1
এজলাসে,1
পেশকার,1
সাহেদের,1
মৌখিকভাবে,1
আদালতকক্ষ,1
আজাদকে,1
অভিযোগপত্রেও,1
রোগীপ্রতি,1
নূরে,1
শফিউর,1
বার্তাবাহককে,1
বাক্স্বাধীনতা,1
তথ্যপ্রাপ্তির,1
খর্ব,1
পরিহারের,1
নাগরিকত্বধারীর,1
অসাংবিধানিক,1
নিজেকেই,1
প্রশ্নবিদ্ধ,1
উঠেছেন,1
রিনাউন্স,1
সাংবাদিকেরা,1
হ্যাঁ,1
মইনউদ্দিন,1
ফখরুদ্দীনের,1
সংবাদকর্মীর,1
কর্তৃত্ববাদী,1
সংবাদটি,1
প্রতিবেদনকারী,1
উত্থাপনকারী,1
বিদ্বেষমূলক,1
পাল্টাপ্রশ্ন,1
পদধারীর,1
সাংবাদিকতার,1
হুমকিস্বরূপ,1
ক্ষমতাসীনদের,1
আত্মনিয়ন্ত্রণ,1
চিলিং,1
আশঙ্কাও,1
নাগরিকত্বের,1
বৈধতার,1
ঝুঁকিও,1
উপেক্ষা,1
নবজাতক,1
শিশুস্বাস্থ্যসেবা,1
বিজ্ঞপ্তিটি,1
পূর্ণিমা,1
রাই,1
শ্বাসপ্রশ্বাসে,1
সহায়তাকারী,1
অপুষ্টিতে,1
থেরাপিউটিক,1
এফএইচআই,1
জেপিগো,1
জেএসআই,1
এলাকাসহ,1
পঞ্চগড়,1
স্বাস্থ্যসেবাবিষয়ক,1
বাস্তবভিত্তিক,1
স্ট্র্যাটেজি,1
বাস্তবায়নেও,1
অ্যান,1
অ্যাপল,1
ট্রি,1
ইনসাইড,1
গ্যালারিতে,1
প্রদর্শনীটির,1
নৃতত্ত্ব,1
মানস,1
কলাকুশলীরা,1
ভিউজ,1
ভিশন,1
গুপী,1
বাঘা,1
প্রডাকশনস,1
চলচ্চিত্রটি,1
সিনেম্যাটিক,1
গল্পটি,1
আবহ,1
অভিব্যক্তি,1
দৃশ্যপট,1
প্রযোজকদের,1
শিল্পচর্চার,1
আলোকচিত্রের,1
চলচ্চিত্রটিকে,1
উপভোগ,1
ঘোরগ্রস্তের,1
অদৃশ্য,1
সাধুর,1
শরণাপন্ন,1
সাধু,1
আশীর্বাদপুষ্ট,1
আপেল,1
নিরাময়,1
বিভ্রমের,1
সীমারেখা,1
আপেলটি,1
রহস্যময়,1
চলচ্চিত্রটিতে,1
বিজন,1
সর্বসাধারণের,1
লাগানোকে,1
প্রভোস্ট,1
বলুক,1
বিশ্বপরিচয়,1
বলেছি,1
টাঙিয়ে,1
দাওয়া,1
সিন্ডিকেটে,1
শাহবাগে,1
ঘটনাটিও,1
নতি,1
দেওয়াসহ,1
পূরণসহ,1
উন্নয়নকাজ,1
ক্রয়নীতি,1
ক্রয়সংক্রান্ত,1
জনকল্যাণমুখী,1
কৌশলপত্র,1
কিচেন,1
নিচতলার,1
দরদাম,1
ভাবছিলাম,1
কিনব,1
চাইতেছে,1
কিনছি,1
পারলেন,1
এইবার,1
কুনুদিন,1
চাইর,1
থাইক্যা,1
ট্যাকা,1
গেলবারের,1
চাইতে,1
বেচেননি,1
কপালে,1
ভাঁজ,1
দেখছি,1
রাজধানীখ্যাত,1
জমাদার,1
আড়তে,1
গতবারও,1
বিচরণস্থলে,1
বিস্তারে,1
কলাপাড়ার,1
মহিপুর,1
এখানকার,1
ফজলু,1
সাগরের,1
ইলিশই,1
ট্রলারই,1
সতর্কসংকেত,1
গাঙে,1
যাইবে,1
কোত্থেকে,1
উচ্চমূল্যের,1
বিক্রিও,1
চাহিদাও,1
কাস্টমারও,1
শুইন্যা,1
চইল্যা,1
মেটাচ্ছেন,1
মূল্যবৃদ্ধির,1
গড়ের,1
ট্রেড,1
প্রতিবছরই,1
অর্থবছরের,1
বিস্ময়কর,1
ডুবোচরের,1
দূষণের,1
আহরণকে,1
বিচরণস্থানে,1
হাতিয়ায়,1
এলাকাজুড়ে,1
পাতা,1
বিচরণ,1
অনুমানের,1
সমুদ্র,1
আকতারুল,1
সেনাপ্রধানকে,1
হাসনাত,1
তলবি,1
সেনাপ্রধানের,1
হাসনাতের,1
ইউআইইউর,1
সেবাকেও,1
সময়ানুবর্তিতা,1
ইউআইইউকে,1
স্বাচ্ছন্দ্যময়,1
কর্মসম্পর্ক,1
সন্তুষ্টি,1
চুক্তিপত্রের,1
আশির,1
ফেঞ্চুগঞ্জ,1
তিনবারের,1
সুবক্তা,1
টুনন,1
জাবীন,1
আইএলওর,1
শোভন,1
জাদুঘরে,1
দাসপ্রথার,1
সদারাম,1
সিক্কায়,1
সেখ,1
মামুদা,1
কৃষ্ণকিঙ্কর,1
বাচস্পতি,1
তাগিদেই,1
আত্মবিক্রি,1
তখনকার,1
পাড়ের,1
ভাসিয়ে,1
আনছে,1
হিমালয়,1
হান্ট,1
পশ্চিমবঙ্গভিত্তিক,1
চ্যানেলেও,1
জলস্রোতে,1
সতর্কবার্তা,1
গণমাধ্যমটি,1
মালিককে,1
বাঁচালো,1
বিপদে,1
ওয়্যার,1
ইন্ডিয়া,1
পেরা,1
বাঁচলো,1
আসামে,1
ত্রাণশিবিরে,1
বন্যারই,1
অস্বাভাবিকতা,1
শুঁড়,1
উঠছেন,1
ঘাড়,1
নামছেন,1
ভঙ্গি,1
নড়াচড়ার,1
টুলটি,1
ভিডিওকে,1
কাশ্মীরের,1
প্রত্যক্ষদর্শীদের,1
উত্তরকাশী,1
পলকে,1
মানুষসহ,1
তলিয়ে,1
কাশ্মীরে,1
মজার,1
ট্রাইব্যুনালেই,1
ভ্রান্ত,1
প্রসিকিউটরকে,1
অভিযুক্তকে,1
তাতেও,1
আপত্তিজনক,1
জন্মদিনে,1
রইল,1
প্রফুল্লতার,1
পোস্টেও,1
মোদির,1
সংবলিত,1
শুভকামনার,1
কথাগুলোকে,1
৭৬তম,1
শোধন,1
অকটেনের,1
পরিশোধিত,1
দাঁড়িয়েছিল,1
পরিশোধনাগারটি,1
পতেঙ্গায়,1
রিফাইনারি,1
ইনস্টলেশন,1
ডিপিপি,1
দেখেনি,1
প্রতিবার,1
মর্ডানাইজেশন,1
এক্সপানশন,1
বিপিসির,1
জাসেরের,1
বাসসের,1
গড়া,1
আইডিবির,1
প্রোগ্রামস,1
আনাসি,1
আইসামি,1
বাজেটের,1
বিমানবন্দরের,1
অনলাইনেই,1
স্ক্যান,1
ওয়েবসাইটেও,1
বিনোদনসহ,1
দিনভর,1
অনেকগুলোই,1
বুলিয়ে,1
নিন,1
রদবদলে,1
হানার,1
ইরানকে,1
অর্থনৈতিকভাবে,1
আর্থিকভাবে,1
গ্রেট,1
ব্যারিয়ার,1
রিফ,1
অ্যারেনার,1
উইকেট,1
কন্ডিশনই,1
বিষয়টা,1
কোচ,1
ফিল,1
সিমন্স,1
প্রসঙ্গটা,1
খুললেন,1
ডলি,1
জহুর,1
শিবা,1
শানুকে,1
গণপ্রজাতন্ত্রী,1
যুববিষয়ক,1
রয়েছি,1
সুখ,1
সমৃদ্ধিও,1
ব্রহ্মচারী,1
সারওয়ার,1
তাহেরের,1
ভাঙচুরের,1
ইতিপূর্বে,1
নোট,1
শুনানিকে,1
পিটিয়ে,1
কুপিয়ে,1
বিচারপ্রার্থীদের,1
মোহরা,1
কোতোয়ালি,1
ব্রহ্মচারীসহ,1
বাছিদ,1
আসামিই,1
হামসংক্রান্ত,1
বয়সভিত্তিক,1
রোগতত্ত্ববিদেরা,1
হামে,1
স্পোর্টসফেস্ট,1
ইভেন্ট,1
ব্যাডমিন্টন,1
বাস্কেটবল,1
দাবা,1
সাইড,1
প্যাডেল,1
সাঁতার,1
আর্ম,1
রেসলিং,1
ম্যারাথন,1
ক্রীড়াবিদ,1
ক্লাবগুলোর,1
অর্ডিনেটরদের,1
কনভেনর,1
কনভেনররা,1
তমাল,1
খেলাধুলার,1
ক্রীড়াবিদের,1
ব্যতিক্রমী,1
ক্রীড়াপ্রেমী,1
প্রাণবন্ত,1
স্মরণীয়,1
ওআরওপি,1
সংশ্লেষ,1
গ্রহণকারীদের,1
অবসরভোগী,1
পেনশনধারীদের,1
আমিনবাজারে,1
ব্রাঞ্চের,1
অফিসকক্ষে,1
পরিবারটিকে,1
সর্বাত্মক,1
অনুদান,1
এসআইয়ের,1
সুবিধার্থে,1
ঋণসহ,1
নৈতিকতা,1
সাহসিকতাপূর্ণ,1
মরণোত্তর,1
পদক,1
পিপিএম,1
আমিনবাজারের,1
বরদেশী,1
পশ্চিমপাড়ায়,1
তর্ক,1
ব্যবসাপ্রতিষ্ঠানে,1
লাঠি,1
ধারালো,1
আঘাতে,1
শিউলী,1
আরআরএফ,1
আরএমপি,1
পেশাদারত্বের,1
সমুন্নত,1
কোচিংসংক্রান্ত,1
সুবাদে,1
গোপনীয়,1
অপ্রকাশিত,1
কোচিংয়ের,1
শিক্ষাসামগ্রী,1
শৃঙ্খলাসংক্রান্ত,1
স্মারকগুলোকে,1
চেতনার,1
স্বাধীনতাসংগ্রামে,1
বুদ্ধিজীবী,1
স্বাধীনতাসংগ্রামের,1
স্মারকগুলো,1
তৈয়ব,1
হাবিলদার,1
মোকাররমে,1
লাগিয়েছেন,1
ইউনিয়নসহ,1
বিশ্ববিদ্যালয়েরই,1
এখতিয়ারও,1
এখতিয়ারবহির্ভূত,1
বিশ্ববিদ্যালয়টির,1
জায়গাতেই,1
প্রকাশনা,1
চালুও,1
আইবিএ,1
আইআরসহ,1
বিভাগেও,1
প্রশাসনও,1
গঠনকাঠামো,1
পক্ষপাতের,1
অধ্যাপকের,1
প্রাইভেসির,1
স্বাচ্ছন্দ্যবোধ,1
ধাপভিত্তিক,1
সুবিধাভোগী,1
সংস্থান,1
বছরগুলোর,1
কক্ষটিতে,1
অগোছালোভাবে,1
ভূমিসেবার,1
৪৫০টি,1
কালে,1
চালাতেন,1
চারটিতে,1
যমুনায়,1
নানাবিধ,1
ভোগান্তিমুক্ত,1
যুগান্তকারী,1
প্রিন্টার,1
পোর্টালের,1
গুলিস্তান,1
আবেদনসহ,1
নীলক্ষেতের,1
টেলিকমিউনিকেশন,1
বিটিসিএল,1
ঝুলতে,1
প্রহরী,1
রাজিত,1
সেবাপ্রার্থীদের,1
গুলিস্তানের,1
কার্যালয়টি,1
টেলিফোন,1
এক্সচেঞ্জ,1
দরজায়,1
সেবাপ্রার্থীও,1
উদ্যোগটিকে,1
লোকদেখানো,1
আশিকুর,1
আসবাব,1
চালিয়েছেন,1
অচল,1
সিকিউরিটি,1
মজিবর,1
ইউডিসি,1
ইউনিয়নগুলোতে,1
ভাবছে,1
বিশ্লেষণও,1
সংখ্যাই,1
ভালবের,1
ক্রটির,1
প্রযুক্তিমন্ত্রী,1
টাওয়ারে,1
লোডিংয়ের,1
স্টেজ,1
স্টেজে,1
কমিশনিং,1
ডিজাইনারের,1
প্রতিস্থাপনের,1
রুশ,1
ভেন্ডরকে,1
বিকল্পটিই,1
রাজনীতিবিদকে,1
আলমগীরই,1
একপ্রকার,1
নিশ্চিতই,1
লিবারেল,1
ডেমোক্রেটিক,1
এলডিপি,1
খেলাফত,1
মজলিস,1
ততটা,1
আপ্যায়নসহ,1
ছাড়ার,1
রাষ্ট্রপতিরা,1
নেতাকেই,1
মওকুফ,1
কার্যকাল,1
অভিশংসন,1
কারণেও,1
স্বাক্ষরযুক্ত,1
স্পিকারের,1
আত্মপক্ষ,1
কিউ,1
বদরুদ্দোজা,1
উত্তরাধিকারী,1
উপনির্বাচন,1
অপসারিত,1
প্রার্থীর,1
প্রেসিডেন্টস,1
রেমুনারেশন,1
প্রিভিলেজ,1
অ্যাক্টে,1
এন্টারটেইনমেন্টের,1
সাজসজ্জা,1
রক্ষণাবেক্ষণসহ,1
পরিবহনসুবিধাও,1
স্বেচ্ছাধীন,1
তহবিলের,1
ব্যয়ও,1
বিমাসুবিধাও,1
বিমাসহ,1
বিবেচনামূলক,1
অঙ্গনে,1
অসমর্থ,1
সাহাবুদ্দিন,1
বিক্রম,1
ধারাবাহিকতাও,1
মাকসুদুল,1
এহসানুল,1
আদালতেও,1
ইস্কাটনের,1
খলনায়ক,1
সিআইডিকে,1
কাঁচপুরে,1
মহাসড়কের,1
আশাড়িয়ার,1
হাইওয়ে,1
শুকানোর,1
হিমবাহ,1
ধসের,1
হ্রদে,1
উপচে,1
তছনছ,1
এলাকাগুলো,1
উদ্ধারকাজ,1
ফলস,1
লুকিয়ে,1
দরজার,1
ছোড়েন,1
পুলিশও,1
ছোড়ে,1
মোবারককে,1
প্রাণে,1
বাঁচতে,1
কুর্তা,1
পায়জামা,1
বেড়াচ্ছেন,1
যাঁকে,1
দিকেই,1
বন্দুকটি,1
তাক,1
ধরছেন,1
সিরিজটি,1
বিসিসিআই,1
এএনআই,1
ইনস্টাগ্রামে,1
হরিয়ানভি,1
গায়ক,1
ইউটিউবার,1
বালিয়ান,1
গাইতে,1
মার্ডার,1
মার,1
শামলিতে,1
রেজিমে,1
নির্বাসিত,1
উঠিয়ে,1
মুখপাত্রের,1
মেঘালয়ের,1
উদ্ভ্রান্তের,1
পরিবেশসচেতন,1
মেরুল,1
বাড্ডা,1
এসবের,1
৫৩টি,1
৮৮টি,1
লেটার,1
নেচার,1
দায়িত্ববোধ,1
পৃথিবী,1
চিন্তাভাবনা,1
অলিম্পিয়াড,1
ওরেটরি,1
জলবায়ুবিজ্ঞান,1
অলিম্পিয়াডে,1
ওরেটরিতে,1
ইনস্পিরেশন,1
লাইফের,1
তাহসিনা,1
ডিসপ্লে,1
ইকো,1
ডিকোড,1
প্রবলেম,1
সলভিং,1
পোস্টার,1
ম্যাগাজিন,1
ফটোগ্রাফি,1
আর্ট,1
রিল,1
জার্নালিজমসহ,1
সেগমেন্ট,1
থাকেননি,1
উৎসবজুড়ে,1
ইমেরিটাস,1
ট্রেজারার,1
ডাউল্যান্ড,1
দীপ্তি,1
অর্জনকারী,1
তারুণ্যের,1
আর্থ,1
ওয়াইজিই,1
ন্যাচারাল,1
পৃষ্ঠপোষকতা,1
এসিআই,1
মোটরস,1
গালিগালাজ,1
সিফাত,1
তদন্তেও,1
ঋণসুবিধা,1
নগদে,1
শিক্ষাপদ্ধতি,1
সংগঠনসহ,1
নানান,1
অতএব,1
মাদ্রাসাকে,1
স্বভাবগতভাবে,1
অপরাধপ্রবণ,1
ভাবমূর্তিকে,1
ইসফাহান,1
প্রদেশে,1
পিকঅ্যাক্স,1
পর্বতের,1
কুহ,1
কোলাং,1
গাজলা,1
নাতাঞ্জ,1
ডমিনিকান,1
রিপাবলিকের,1
দোমিঙ্গেস,1
৭৩তম,1
ওয়ার্ল্ড,1
জিতেছেন,1
ওয়ার্ল্ডের,1
শিরোপা,1
ওপাল,1
সুচাতা,1
ফাইনালে,1
জিতলেন,1
গ্রন্থ,1
নিবন্ধের,1
আবদুল্লাহ্,1
ধর্মগ্রন্থ,1
পাঠের,1
চেয়ারম্যানরা,1
নাগরিকত্ববোধ,1
তত্ত্ব,1
বিশ্বজ্ঞানভান্ডারে,1
পরিশ্রমের,1
নিবিষ্টভাবে,1
অধ্যয়ন,1
সাধনা,1
অনুষদে,1
উৎকর্ষকে,1
উৎকর্ষেরই,1
ইউনেসকোর,1
অফিসপ্রধান,1
সুজান,1
ভাইজ,1
প্রাধ্যক্ষ,1
মুজাফফর,1
ভাগই,1
জয়পুরহাটের,1
কালাই,1
যৌতুকের,1
মার্কো,1
রুবিওর,1
দুর্দান্ত,1
প্রত্যাবর্তনের,1
গল্পটা,1
বাংলাদেশেরই,1
ইসলামেরও,1
চোট,1
খেলেননি,1
খেলছেন,1
জয়ও,1
তারকাদের,1
তারকার,1
এবিজি,1
রয়েল,1
লয়্যালটি,1
টাইলস,1
স্যানিটারিওয়্যার,1
ফসেট,1
গ্লাস,1
ডোরসহ,1
এম্পোরিয়াম,1
সিলেকশনস,1
ব্র্যান্ড,1
ভারগো,1
১৬তম,1
আউটলেটটির,1
তাসনিয়া,1
ফারিণ,1
স্টোর,1
চমৎকার,1
ভারগোর,1
বর্ন,1
কালেকশন,1
স্ক্র্যাচ,1
সারপ্রাইজ,1
ডিসকাউন্ট,1
ভার্গো,1
খুলনাসহ,1
করতালিতে,1
অভিনন্দিত,1
ভোটগ্রহণ,1
পাঁচটায়,1
সমাপ্ত,1
দেখছিলেন,1
টেবিলের,1
মুদ্রিত,1
৩৪৯টি,1
৩৪৩টি,1
ব্যালটের,1
চেয়ারে,1
বসেছিলেন,1
ইশারায়,1
করমর্দন,1
গোলাপ,1
করমর্দনের,1
উপনেতা,1
তাহের,1
আজহারুল,1
সমাজকল্যাণমন্ত্রী,1
পড়ুয়া,1
এন্ট্রাপ্রেনিউর,1
অ্যাওয়ার্ডস,1
আসরে,1
ফাইনালের,1
ইনডেসোর,1
সোয়েটার,1
তারেকুজ্জামান,1
হাইটেক,1
ইন্ডাস্ট্রিজ,1
আইডিয়া,1
পড়ালেখার,1
তাঁরাই,1
শিক্ষাবর্ষে,1
অধ্যয়নরত,1
ব্যবসাটি,1
গ্র্যান্ড,1
ফিনালে,1
ইওর,1
দুধের,1
পাথুরে,1
চুল,1
উষ্কখুষ্ক,1
চোখেমুখে,1
ধুলো,1
ঘাম,1
ক্লান্তির,1
শিশুটিও,1
বেড়াচ্ছে,1
ঘুরছে,1
ক্যাপশনের,1
আগলে,1
আঁচড়ের,1
দাগগুলো,1
দেখুন,1
উত্তরাঞ্চলের,1
জাংয়ের,1
ছবিটিকে,1
আবেগপ্রবণ,1
গল্পও,1
নাগাসাকিতে,1
বোমা,1
আলোকচিত্রী,1
জো,1
ডনেলের,1
বিখ্যাত,1
বালককে,1
দাহস্থলের,1
নীরবে,1
সংবাদমাধ্যমও,1
আবেগধর্মী,1
সংবাদমাধ্যমেও,1
ঘেমে,1
তাকাচ্ছে,1
রোদের,1
হারানো,1
বেড়ানোর,1
ছেলেশিশুটির,1
ক্যাপ,1
ঘর্মাক্ত,1
কান্না,1
প্যাকেটও,1
গোসলের,1
ভিডিওও,1
খণ্ডন,1
ভেরিফিকেশন,1
স্টেটসম্যানকে,1
ক্রিয়েটর,1
থিন,1
দুয়েনের,1
জাংয়ে,1
নিউজমিটার,1
জাং,1
মেও,1
ভ্যাক,1
খাউ,1
কমিউনের,1
লতাপাতা,1
ঝোপঝাড়ে,1
নওয়ালপরাসি,1
গেইনডাকোট,1
ভাগর,1
সিভান,1
তামাং,1
ঝোপের,1
অসংগতি,1
সিভানকে,1
উদ্ধারকর্মী,1
মন্তব্যগুলো,1
নেটিজেনই,1
পাঞ্জাবের,1
হোশিয়ারপুরে,1
গুরকরণ,1
নলকূপের,1
দুর্যোগে,1
রাসুয়া,1
কাদা,1
ধ্বংসস্তূপের,1
মানিশা,1
মাগারকে,1
ভাগের,1
ঘনফুটে,1
তাপবিদ্যুৎকেন্দ্রের,1
সংগঠনগুলোর,1
বস্ত্র,1
জিটিসিএলকে,1
সংগঠনগুলো,1
বিকেএমইএ,1
বিটিএমইএ,1
বিটিটিএলএমইএ,1
গ্যাসকে,1
তিতাসকে,1
সারে,1
আবাসিকে,1
কাজেও,1
আশুলিয়া,1
চন্দ্রা,1
সফিপুর,1
কোনাবাড়ী,1
কয়লাবিদ্যুৎকেন্দ্র,1
আশুলিয়ার,1
বাইপাইল,1
ফাউন্টেন,1
ম্যানুফ্যাকচারিং,1
ব্যবস্থাপক,1
আশিকুল,1
ইঞ্চি,1
ফতুল্লার,1
কায়েমপুর,1
নিটওয়্যার,1
শিল্পনগরীতে,1
ফেয়ার,1
অ্যাপারেলস,1
ডাইং,1
মাসুম,1
উৎপাদনকাজ,1
নরসিংদীতে,1
ভোগান্তির,1
মাধবদীর,1
এমএমকে,1
মোমেন,1
কমার্স,1
শিল্পকারখানাই,1
টাওয়েল,1
টেক্সের,1
কলমা,1
উইন্টার,1
ড্রেস,1
আড়াইটার,1
ঘোড়াদিয়া,1
হাতেম,1
শিল্পাঞ্চলগুলোর,1
চাপেও,1
গহিন,1
মিললেও,1
ট্র্যাপে,1
ক্লাউডেড,1
লেপার্ড,1
সাময়িকী,1
ইকোলজি,1
কনজারভেশনে,1
আইইউসিএন,1
চিতাকে,1
ক্রিটিক্যালি,1
এনডেঞ্জারড,1
বিলুপ্তির,1
আইইউসিএনের,1
বনাঞ্চল,1
পূর্বাঞ্চলের,1
বনাঞ্চলজুড়ে,1
রেললাইন,1
বনভূমির,1
জবরদখলে,1
প্রতিনিয়ত,1
উল্লুক,1
মুখপোড়া,1
হনুমান,1
লজ্জাবতী,1
উল্টোলেজি,1
বনবিড়াল,1
বিড়ালসহ,1
কক্সবাজারে,1
ওয়াইল্ডলাইফ,1
স্থানকে,1
পায়ের,1
জলাশয়,1
চকরিয়ার,1
ডুলাহাজারা,1
সাফারি,1
বাস্তুতন্ত্র,1
হেক্টরের,1
বনাঞ্চলকে,1
ঝোপঝাড়ের,1
ঝোপঝাড়সমৃদ্ধ,1
বনভূমিতে,1
মাঝারি,1
মেঘের,1
ছোপের,1
কাটায়,1
শিকারের,1
গোড়ালির,1
সন্ধিগুলো,1
নমনীয়,1
খাড়া,1
কাণ্ড,1
দৌড়ে,1
নামতে,1
এলাকাকে,1
অবিভক্ত,1
খণ্ডবিখণ্ড,1
গাছে,1
লাফিয়ে,1
প্রিডেটর,1
শিকারি,1
আবাসস্থলকে,1
শিবিরের,1
কৃষিনির্ভর,1
ইনানি,1
অনুপ্রবেশ,1
বনভূমি,1
প্রাণীদের,1
সুপেয়,1
ছড়া,1
খালগুলোকে,1
বাফার,1
প্রাণীগুলো,1
কাউন্টার,1
টেররিজম,1
ট্রান্সন্যাশনাল,1
ক্রাইমের,1
সিটিটিসির,1
এডিসি,1
আহমেদসহ,1
পাঁচজনকে,1
মাওলানা,1
যুবকদের,1
আয়নাঘরে,1
জায়গাতে,1
বেগমকে,1
গৌরনদী,1
অধিকারকর্মীদের,1
হালিমার,1
রক্তসম্পর্কের,1
কাকে,1
ট্রান্সফার,1
প্রোপার্টি,1
অ্যামেন্ডমেন্ট,1
কারণসংবলিত,1
জীবনকাল,1
জীবনকালীন,1
সংরক্ষণপূর্বক,1
ধর্মাবলম্বীর,1
সমভাবে,1
বোঝানো,1
সংশোধনে,1
রেখেও,1
নাতনিকে,1
নাতনিও,1
নানিকে,1
উত্তরাধিকারীদের,1
খ,1
শরিয়তসম্মত,1
অল্পক্ষণ,1
পরেই,1
আইনকে,1
সুন্নাহবিরোধী,1
গেটে,1
মহানগরী,1
মুহিব্বুল্লাহ,1
বাবুনগরী,1
শায়েখ,1
সাজিদুর,1
মিরাস,1
বিধানের,1
আইনবিদদের,1
বার্ধক্যজীবনে,1
ধর্মের,1
বয়স্ক,1
আইনবিদেরা,1
দেওয়ানি,1
বার্ধক্যের,1
গ্রহীতা,1
পক্ষই,1
বুঝেশুনে,1
নিয়ত,1
অসহায়ত্ব,1
নিয়তটি,1
তাসলিমা,1
ইয়াসমীন,1
জনশুমারি,1
গৃহগণনা,1
ফওজিয়া,1
মোসলেম,1
সিগনিফিকেন্টলি,1
তথ্যসচিব,1
মাহবুবা,1
৫১৩টি,1
১৭টি,1
১৮৩টি,1
২১৭টি,1
হারানোর,1
১২৬টি,1
১০৬টি,1
পথচারীকে,1
৭৮টি,1
বিভাগগুলোর,1
৪৮টি,1
সাইদুর,1
স্বল্পগতির,1
রেলক্রসিংয়ে,1
গেটকিপার,1
মেঠো,1
টিন,1
বাঁশ,1
বেড়ার,1
ঢালে,1
ঠেস,1
গুঁড়ি,1
হাটহাজারীর,1
দিঘিরপাড়,1
ভাটিয়ারী,1
ঢুকলেই,1
পাহাড়ঘেরা,1
মৌজার,1
বিএস,1
খাস,1
খতিয়ানভুক্ত,1
ছন,1
নাল,1
বরইতলীতেই,1
পাহাড়েও,1
স্যাটেলাইট,1
পাহাড়জুড়ে,1
বাসিন্দার,1
মালিকানার,1
কাগজও,1
নথিতেও,1
ঘনমিটার,1
বরইতলীসহ,1
পাহাড়তলীর,1
দিকের,1
সলিমপুরেও,1
হাতবদল,1
জনপদে,1
উচ্ছেদও,1
এখানেও,1
সলিমপুর,1
বসবাসকারীদের,1
বসতির,1
ঘূর্ণিঝড়ের,1
সন্দ্বীপ,1
হাতিয়াসহ,1
রহিমের,1
রহিম,1
কাটিনি,1
তারাই,1
স্ট্যাম্পে,1
কাগজ,1
মনোয়ারা,1
সুরমা,1
সাইফুলকে,1
রংমিস্ত্রি,1
অনুসারী,1
খাটাতেন,1
বক্তব্যও,1
হোসাইনের,1
হাতবদলে,1
সহদপ্তর,1
কেনাবেচায়,1
মধ্যস্থতার,1
আবুধাবিতে,1
খাসজমিও,1
দখলমুক্ত,1
সোনিয়া,1
খাসজমি,1
লিজ,1
কেনাবেচা,1
পাহাড়তলীতে,1
টেকনাফের,1
পৌর,1
উখিয়া,1
সাবজেলে,1
কথিত,1
ভারসাম্যপূর্ণ,1
স্থগিতাদেশ,1
তাওহিদ,1
পচেফস্ট্রুমে,1
আফ্রিকা,1
কীর্তি,1
গড়লেন,1
ইকবালের,1
ডানহাতি,1
ব্যাটসম্যান,1
রবার্ট,1
প্যাটিনসন,1
জর্জ,1
ক্লুনি,1
পেনেলোপে,1
ক্রুজ,1
হাভিয়ের,1
বারদেম,1
৮৩তম,1
অতিক্রমের,1
মুবিনের,1
শামসুদ্দোহা,1
উভয়পক্ষের,1
মহিবুল্লাহর,1
৪টার,1
মনিপুরীপাড়ার,1
কেআইবি,1
যোগসাজশ,1
অনুষ্ঠানস্থলে,1
বানচালসহ,1
সহযোগীরা,1
উদ্ঘাটনে,1
স্বার্থসংশ্লিষ্টতা,1
জনগুরুত্বপূর্ণ,1
রোটেশনের,1
গতিশীলতা,1
সমীচীন,1
প্রশাসককে,1
অধিক্ষেত্রে,1
কর্মকাল,1
কর্মচারীকে,1
কর্মদক্ষতা,1
অ্যাগ্রিকালচার,1
টেকনোলজির,1
গ্র্যাজুয়েটদের,1
আদ্রা,1
কুরিয়েন,1
চুক্তিগুলোতে,1
প্লেসমেন্ট,1
রোটেশনে,1
মিডওয়াইফারি,1
নৈতিকতার,1
শ্রেণিকক্ষে,1
তাত্ত্বিক,1
স্মারকটি,1
গ্র্যাজুয়েটরা,1
কাঠামোবদ্ধ,1
নির্ভরশীলরা,1
ডিসকাউন্টে,1
সুবিধাগুলো,1
ইউএনজিএ,1
ভূরাজনীতিতে,1
কূটনীতি,1
স্বাস্থ্যকর,1
জাতিসংঘেও,1
ইস্ট,1
ওয়েস্ট,1
একজনও,1
জার্মানির,1
অঙ্গীকারও,1
আইসল্যান্ডের,1
সংস্থাকেও,1
অর্থব্যবস্থা,1
হিমশিম,1
খাচ্ছে,1
অনুভব,1
অপ্রাসঙ্গিক,1
জাতিসংঘবিহীন,1
বিকল্পটি,1
বিদ্যালয়ে,1
শান্তিরক্ষীরা,1
অভ্যুত্থানকালের,1
রেলমন্ত্রী,1
সুজনকে,1
সারাহ,1
অর,1
হাতবোমা,1
নিক্ষেপ,1
এলোপাতাড়ি,1
কাছের,1
পারভেজের,1
দেশদ্রোহী,1
জঙ্গিকে,1
যোদ্ধা,1
গোছানো,1
জবরদস্তি,1
মেস্ত্রে,1
মেস্ত্রের,1
হেনস্তা,1
কোক,1
ছোড়া,1
অ্যাকাউন্টের,1
লাইভের,1
হেনস্তার,1
শিপল,1
বিপ্লব,1
ব্রাহ্মণবাড়িয়ায়,1
ইলিয়াসের,1
অভিনেত্রীর,1
আলতাফকে,1
দৃশ্যে,1
শাসাচ্ছেন,1
গঠনতন্ত্র,1
গ,1
পদাধিকারীরা,1
ঘোরপ্যাঁচের,1
অধিকসংখ্যক,1
করুক,1
তুলুক,1
খেয়েছেন,1
দামই,1
ফুটাতে,1
আরসালান,1
এটিএম,1
বুথ,1
বিশুদ্ধ,1
আমিসহ,1
পয়জনিং,1
হাজি,1
একদমই,1
ইন্ডাকশন,1
জ্বালানোর,1
দিচ্ছিই,1
কয়,1
ইটগুলো,1
বানিয়েছিলেন,1
বসিয়েছেন,1
আসেই,1
আসতেছে,1
লাকড়ি,1
আনছি,1
লাকড়িও,1
ভেজা,1
খাওয়াই,1
চারটা,1
কালশীর,1
খাতুনের,1
টিনশেড,1
বাড়িওয়ালা,1
লাকড়ির,1
শিল্পীর,1
হইলে,1
চইলা,1
শিহাব,1
খালার,1
গ্যাসট্রিকের,1
সমস্যাও,1
বিশ্ববিদ্যালয়পড়ুয়া,1
কাজীপাড়ায়,1
ভুগছেন,1
ছেলেশিশুদের,1
আসাই,1
সাইটের,1
মেয়েরাও,1
ঢুকলে,1
উঠাও,1
শিক্ষাপ্রতিষ্ঠানগুলোয়,1
বেনামি,1
কুকি,1
কুষ্টিয়ার,1
শিশুধর্ষণের,1
নাড়া,1
হেল্প,1
চাইছেন,1
বোর্ডগুলো,1
ঘটা,1
অনেকবার,1
আপন,1
বলাৎকার,1
এমনও,1
বুঝ,1
লোকই,1
ঘৃণ্য,1
৪৫টি,1
অভিযোগকে,1
পরিসংখ্যানগতভাবে,1
হয়েছ,1
ভুক্তভোগীর,1
মাধ্যমেও,1
অভিযুক্তের,1
স্পর্শকাতর,1
নিষ্পাপ,1
অমানুষের,1
কবলে,1
কিন্ডারগার্টেন,1
পড়তাম,1
স্যারই,1
থাকতাম,1
নিগ্রহের,1
ট্রমা,1
বয়ে,1
বেড়াই,1
ধর্মীয়সহ,1
শিক্ষাপ্রতিষ্ঠানগুলোর,1
আলিয়া,1
নিপীড়ক,1
নানাবাড়ির,1
সেও,1
সুযোগে,1
বীভৎস,1
কল্পনার,1
পড়েছিলাম,1
বাবাকেও,1
কয়েকটা,1
জানোয়ার,1
খালাতো,1
সর্বপ্রথমবার,1
আত্মীয়দের,1
সঙ্গীর,1
গ্রহণে,1
পুনর্নির্মাণে,1
শামছুর,1
কার্যসূচি,1
সুগম,1
কাতারে,1
সিঙ্গাপুরে,1
মালদ্বীপে,1
কুয়েতে,1
কালামের,1
ত্রাণমন্ত্রী,1
বজ্রপাতকে,1
ওমরের,1
পাহাড়ধসে,1
বর্ষণের,1
হাওরে,1
ত্রাণমন্ত্রীর,1
বাড়াতেও,1
স্বেচ্ছাসেবকের,1
ভূমিকম্পসহ,1
আনসারসহ,1
টেন্ডার,1
সরঞ্জামেরও,1
হাস্যরসেরও,1
উত্থাপনের,1
মন্তব্যে,1
সংসদকক্ষে,1
হাসির,1
অনুপস্থিতির,1
নিষ্পত্তিতে,1
আদালতসহ,1
ময়মনসিংহে,1
৯২৭টি,1
ইসিএ,1
কলাতলী,1
অবকাশের,1
আইনবিদ,1
কর্তৃত্ববহির্ভূত,1
জনস্বার্থবিরোধী,1
অংশবিশেষ,1
পরিবেশসচিব,1
হাসানুল,1
বান্না,1
পরিবেশবাদীরা,1
উপকূল,1
বালিয়াড়ি,1
এক্সক্যাভেটর,1
গুঁড়িয়ে,1
উদ্ভিদ,1
সাগরলতাসহ,1
কাঁকড়া,1
সামুদ্রিক,1
উচ্ছেদে,1
অমান্য,1
বুক,1
চিরে,1
দীর্ঘতম,1
সজিবুল,1
পিবিআইকে,1
বিআইএফএফএল,1
থাকাকালে,1
অনুকূলে,1
কুপন,1
বন্ডে,1
বেক্সিমকো,1
জামানত,1
শতকোটি,1
সিআইবির,1
জামার,1
কলার,1
টানাহেঁচড়া,1
প্রাণনাশের,1
মুঠোফোনের,1
চাবি,1
ফাঁসিয়ে,1
ভয়ও,1
অভিযোগপত্রটি,1
সমন,1
দণ্ডবিধির,1
দুঃখের,1
স্বৈরাচারী,1
অপরাধমূলক,1
নেতৃস্থানীয়,1
উকিলরা,1
আইনপ্রয়োগকারী,1
সংস্থাগুলোও,1
নির্বিকার,1
ভাব,1
এতকাল,1
জানত,1
মুনিমেরা,1
দেশেই,1
জোরদারকরণ,1
আউটসোর্সিংয়ের,1
একীভূত,1
প্রজেক্টটি,1
মাসওয়ারি,1
অতীত,1
চিকিৎসাসামগ্রী,1
উপকরণে,1
লটে,1
জন্মনিয়ন্ত্রণসামগ্রী,1
মৃত্যুহার,1
কনফারেন্সে,1
আউটসোর্সিংয়ে,1
প্রশিক্ষণে,1
এসটিডি,1
এইডসে,1
জেলাতেই,1
মুন্সিগঞ্জে,1
অসচেতনতা,1
যৌনতা,1
সুরক্ষাসামগ্রী,1
অবিবাহিত,1
খায়রুজ্জামান,1
লাখে,1
উচ্চপর্যায়ে,1
মলিকুলার,1
সরবরাহও,1
জনগোষ্ঠী,1
এলাকাভিত্তিক,1
রাঙামাটিতে,1
শূন্যে,1
প্রকল্পটিতে,1
মশারি,1
বিতরণও,1
আসছিল,1
প্ল্যানের,1
ওপির,1
জিওবি,1
এনজিও,1
অপ্রত্যাশিত,1
ইরিটেটিং,1
অগ্রগতিসহ,1
পেমেন্ট,1
এয়ারবাস,1
দীর্ঘসূত্রতার,1
চুক্তিসহ,1
নিনো,1
পরিবর্তনজনিত,1
খাদ্যের,1
খাদ্যসংকট,1
ওয়াদুদ,1
বিশ,1
এভিয়েন,1
বার্ড,1
ফ্লুর,1
গবেষণাপ্রতিষ্ঠান,1
প্রিভেনশন,1
সিডিসি,1
স্বাস্থ্যবিধি,1
মাস্ক,1
ধোয়া,1
মোনালিসা,1
পটভূমি,1
১৩৮টি,1
১৫৭টি,1
জালালাবাদ,1
রাগিব,1
ভাইরাসজনিত,1
সংক্রামক,1
ব্যথা,1
হাঁচি,1
সংস্পর্শে,1
শ্বাসজনিত,1
ল্যাবরেটরিতে,1
স্বাস্থ্যকর্মী,1
ভোগা,1
টিকাদান,1
বাঞ্ছনীয়,1
মোমেনা,1
রেসপন্স,1
সিডিসির,1
রোগতত্ত্ববিদ,1
ইসিবুর,1
অ্যাডাপশন,1
স্ট্রাকচারাল,1
কনস্ট্রেইনস,1
সিম্পোজিয়াম,1
পশ্চিমাঞ্চলে,1
আমাদেরই,1
উত্তরবঙ্গের,1
পশ্চিমাঞ্চল,1
চিন্তাভাবনাকে,1
সেলফে,1
ধুলা,1
শাহীন,1
পার্টিসিপেটরি,1
স্ট্রেনদেনিং,1
ভালনারেবল,1
রিজিওন,1
গবেষণাপত্র,1
অস্ট্রেলিয়ান,1
এইজড,1
কেয়ারের,1
স্পেশালিস্ট,1
প্রণয়নকারীদের,1
যুক্তিসংগত,1
দীর্ঘমেয়াদে,1
অভিজ্ঞতাসম্পন্ন,1
নীতিনির্ধারকদের,1
অনিশ্চয়তার,1
সমাধানকে,1
আঁকড়ে,1
পরস্পরবিরোধী,1
বাস্তবায়নকারীদের,1
মিললেই,1
একশনএইড,1
ফারাহ্,1
প্রকল্পনির্ভর,1
ব্যবস্থাগত,1
প্রমাণকে,1
নীতিতে,1
আয়রন,1
ফলিক,1
সেবাদানকারীদের,1
আমলা,1
সেশনের,1
বিআইডিএস,1
জেমস,1
গ্র্যান্ট,1
হেলথের,1
ফার্মগেটে,1
ফাতেমি,1
ভাবছিলেন,1
কেবিনটাই,1
ধরনটি,1
ছড়াচ্ছে,1
পরিস্থিতিকে,1
সংক্রমণে,1
অনিয়ন্ত্রিত,1
অনেককে,1
স্থানেরও,1
চিকিৎসাও,1
অপর্যাপ্ত,1
হালিমুর,1
ছাড়ায়নি,1
মাসেও,1
বদলেছে,1
দিনেও,1
মৃদু,1
সেরোটাইপকে,1
বৈশিষ্ট্যসহ,1
শহরাঞ্চলে,1
রোগীই,1
ফলটি,1
দেখাচ্ছে,1
গ্রামভেদে,1
ঘটতে,1
৩২৫টি,1
নমুনার,1
ব্রুটো,1
ইনডেক্সের,1
প্লাস্টিকের,1
বেজমেন্ট,1
ড্রেন,1
বোতলসহ,1
প্রজননস্থলে,1
জায়গাতেও,1
জনস্বাস্থ্যের,1
রোগবাহী,1
সংস্পর্শ,1
বলেছিলাম,1
টাইপে,1
টাইপ,1
জনস্বাস্থ্যবিদেরা,1
আসছিলেন,1
সতর্কতার,1
জাকীও,1
জানিয়েছিলাম,1
রোয়াংছড়ির,1
জীবাণুবাহী,1
সূত্রেই,1
ভাবাচ্ছে,1
দুইয়ের,1
দাঁড়,1
কষ্টের,1
টুটপাড়ার,1
ছাত্রী,1
হলগুলোর,1
চাঁন,1
সিদ্ধান্তকে,1
মুক্তবুদ্ধি,1
ভিত্তিহীন,1
পক্ষেই,1
থানাতেও,1
চাঁনের,1
সায়েম,1
স্টাডিজে,1
আবাসনের,1
বালিশের,1
গগলসের,1
হ্যান্ড,1
গ্লাভস,1
ক্ষুদ্রাকার,1
টিউবের,1
মামলাও,1
দরের,1
ফারাক,1
দপ্তরভেদে,1
দ্বীপাঞ্চলের,1
ভৌগোলিক,1
অঞ্চলভিত্তিক,1
জোনাল,1
দরকাঠামো,1
করহার,1
দরতালিকায়,1
উপকরণসামগ্রীর,1
বিবিএসের,1
শিডিউলের,1
ধরবেন,1
গণপূর্ত,1
দরতালিকার,1
শিডিউলকে,1
নির্মাণশ্রমিকদের,1
মূল্যও,1
উপকরণগুলোর,1
পাথরের,1
মুনাফা,1
শিকড়ে,1
পিপিএ,1
বিপিপিএ,1
ক্রয়ে,1
কাণ্ডের,1
কারন,1
আইটেমাইজড,1
একইসাথে,1
ক্রয়কে,1
স্ট্রীম,1
ন্যাশনস,1
প্রোডাক্টস,1
জেনেভায়,1
৬৩তম,1
বিক্ষোভে,1
অনুসন্ধানী,1
৪৪টি,1
গুরুত্বারোপের,1
ট্রিটি,1
বডির,1
প্যারিস,1
যোগ্যতাভিত্তিক,1
আইনবিশেষজ্ঞরা,1
আইনগুলোতে,1
তদন্তক্ষমতা,1
কারারুদ্ধ,1
বাকশক্তিও,1
পলক,1
দায়িত্বপালনের,1
দু্,1
আশ্রিত,1
জীবনসঙ্গীর,1
ফুরিয়েছে,1
ব্যথিত,1
মজুমদারের,1
মোহিতুল,1
বিচারপতিদের,1
রেট্রোস্পেকটিভ,1
ডামি,1
সঞ্চয়পত্র,1
আমানত,1
এফডিআর,1
মোটরগাড়ি,1
ধাতুর,1
আসবাবের,1
ক্রয়কৃত,1
টুঙ্গিপাড়া,1
মৌচাকের,1
তেলিরচালা,1
বাগানবাড়ি,1
উত্তরাধিকারসূত্রে,1
রাদওয়ান,1
মুজিব,1
আজমিনা,1
কাঠা,1
তিনতলা,1
ভবনসহ,1
দেখিয়েছেন,1
টুঙ্গিপাড়ায়,1
অর্জনকালীন,1
অর্থমূল্য,1
শতকের,1
কমিশনকে,1
চিঠিও,1
বাড়িটির,1
ট্রাস্টের,1
সুধা,1
সদনের,1
কামালের,1
মৃত্যুদণ্ডের,1
নির্দেশও,1
আসাদুজ্জামানের,1
কনসিডারেবল,1
অ্যামাউন্ট,1
কম্পেনসেশন,1
আশুলিয়ায়,1
পোড়ানোর,1
ফেনীর,1
সোনাগাজীর,1
মাদ্রাসাছাত্রী,1
নুসরাত,1
রাফি,1
মৃত্যুদণ্ডপ্রাপ্ত,1
স্কুলশিক্ষক,1
নেপথ্য,1
ডাকাতি,1
আপাতদৃষ্টিতে,1
মীমাংসার,1
অযোগ্য,1
বৈরী,1
তোপের,1
ডাচেস,1
সাসেক্স,1
বিবিসিকে,1
জন্মভূমি,1
খেলোয়াড়েরা,1
বোর্ডই,1
অনাগ্রহে,1
অস্ট্রেলিয়ায়,1
ফিরেছিলেন,1
ম্যালিগন্যান্ট,1
টিউমার,1
ক্যানসার,1
পক্ষপাত,1
হস্তক্ষেপমুক্ত,1
বিয়ন্ড,1
ইনডিপেনডেন্টস,1
কনস্টিটিউশনাল,1
কোয়েস্ট,1
ইনস্টিটিউশনাল,1
অটোনমি,1
সরকারব্যবস্থার,1
স্বাধীনতাকে,1
হস্তক্ষেপ,1
বিচারবিভাগ,1
কর্তৃত্ব,1
সক্ষমতাকে,1
বোঝায়,1
স্বায়ত্তশাসনকে,1
বিচ্ছিন্নতার,1
গুলিয়ে,1
আদর্শকে,1
সংযম,1
ক্ষমতাকেই,1
সচিবালয়,1
সচিবালয়কে,1
পুনর্বিন্যাস,1
দেখেছিলেন,1
স্বেচ্ছাচারী,1
আইনসম্মত,1
সংস্কারকের,1
শুভচক্র,1
প্রতিষ্ঠানগুলোকেও,1
প্রতিষ্ঠানগুলোরও,1
রাজনৈতিকীকরণের,1
অধীনস্থ,1
অপছন্দকে,1
সাংবিধানিকতার,1
স্থায়িত্ব,1
কতবার,1
প্রতিষ্ঠানগুলোই,1
ক্ষমতাই,1
রনজিনা,1
বীরদর্পে,1
কিছুর,1
ধরাছোঁয়ার,1
গলাকাটা,1
প্রলয়ংকরী,1
জনপদ,1
নিশ্চিহ্ন,1
দিচ্ছিল,1
বাঁচায়,1
ঘালে,1
তাতেই,1
কিংবদন্তি,1
মিয়াঁদাদও,1
সতীর্থ,1
সৎ,1
বিশ্বকাপজয়ী,1
মিয়াঁদাদ,1
চঞ্চল,1
ফোনেই,1
মেয়েটিকে,1
উত্তরও,1
সিদ্ধান্তেই,1
ডিলিট,1
গ্রামীৃণ,1
চেয়ারম্যানও,1
করবর্ষগুলোর,1
পর্যবেক্ষণসহ,1
মার্জনা,1
শর্তসাপেক্ষে,1
সরকারপক্ষে,1
রায়টি,1
ডিফেক্টিভ,1
জুনাঈদ,1
হিরণ,1
আদালতকে,1
মুর্তুজা,1
ছলচাতুরী,1
স্বনামধন্য,1
নির্দোষ,1
নিরপরাধ,1
দেখাশোনা,1
হকদার,1
জামসেদ,1
স্যানিটারি,1
বারিধারা,1
চার্টার্ড,1
উভয়ের,1
চেক,1
ডিজঅনার,1
বাদীর,1
হুমকিও,1
গরমে,1
১৩৭টি,1
৬৪টি,1
বাকিগুলো,1
বেলাতেই,1
ঢাকাতেও,1
বসুন্ধরা,1
জালোওয়াশান,1
লিফটে,1
ডেসকো,1
একবারের,1
চাইলেও,1
বাড়ালে,1
উচ্চপর্যায়,1
বিদ্যুতায়ন,1
বিইপ্পার,1
বকেয়াসহ,1
বিবির,1
বাগিচার,1
শর্মিলা,1
শর্মি,1
চালিত,1
ঘনফুটের,1
অব্যবস্থাপনা,1
ক্রিডেন্স,1
ভাউচার,1
আপনারাই,1
পোর্টালগুলোর,1
বস্তুনিষ্ঠ,1
বিশ্বাসযোগ্য,1
দৈবচয়নের,1
৩০টির,1
ইয়াসিন,1
মারুফুজ্জামান,1
অপু,1
ডিউটিতে,1
সময়টা,1
নিই,1
এবারই,1
জিতলাম,1
পর্তুগাল,1
সিরিজ,1
ফুটবলপ্রেমীদের,1
মিডফিল্ডার,1
মোরছালিন,1
সর্বমোট,1
ওয়েবসাইটটির,1
বাবুই,1
বিজিএমইএর,1
২৮২টি,1
১২০টিসহ,1
গামের্ন্টস,1
কর্যক্রম,1
থকে,1
শীঘ্রই,1
স্বল্পোন্নত,1
টেড্রিং,1
স্কিমের,1
হারাবে,1
অংশীদারি,1
আরসিইপি,1
চায়নাসহ,1
সম্ভাবনাময়,1
এফটিএ,1
লুৎফর,1
বাতেনের,1
বাণিজ্যের,1
বাণিজ্যে,1
ব্যবধানটা,1
চামড়া,1
পাট,1
সেমিকন্ডাক্টরসহ,1
নীতিসহায়তা,1
সেলিমুজ্জামান,1
মোল্যার,1
এআরটি,1
প্রতিযোগী,1
সমর্থ,1
স্ট্রোক,1
ইঞ্জিনবিশিষ্ট,1
টেম্পো,1
হেডিং,1
আমদানিনিষিদ্ধ,1
উৎপাদনশিল্পকে,1
ইমারজেন্সি,1
ওসেক,1
দুর্ঘটনাবশত,1
যুবকটি,1
নেশাগ্রস্ত,1
স্বল্পতায়,1
ঝড়ের,1
ঝাড়খন্ড,1
রাজ্যে,1
বিদ্যুৎকেন্দ্রটি,1
ক্রয়চুক্তি,1
বয়লারে,1
শীতল,1
মেরামতের,1
কয়লাস্বল্পতা,1
বিদ্যুৎকেন্দ্রও,1
বাড়লেই,1
সকালেও,1
চাহিদামতো,1
১৩৬টি,1
পোহাচ্ছে,1
সমব্যথী,1
মিরাকল,1
ন্যারেটিভ,1
রমনায়,1
বিআইআইএস,1
স্থিতিস্থাপক,1
আবেদনকৃত,1
গ্রাহকসহ,1
মাতারবাড়ীতে,1
এমএমসিএফপি,1
স্থলভিত্তিক,1
বাষ্পীভবন,1
ঠেকেছে,1
মানদণ্ডে,1
থাকাকালীন,1
অপরিশোধিত,1
গাজীপুরসহ,1
শিল্পাঞ্চলে,1
আশঙ্কায়,1
মেট্রিক,1
রিদওয়ানুর,1
একমুখী,1
ছায়া,1
ধরেছিল,1
বাংলাদেশকেও,1
অগণিত,1
শঙ্কা,1
বাড়াচ্ছিল,1
ভ্যাকসিন,1
ওষুধও,1
নির্দিষ্টভাবে,1
শ্বাসতন্ত্র,1
আকুলি,1
বিকুলি,1
ফোঁটা,1
বাণিজ্যিকভাবে,1
মহামারীর,1
আসন্ন,1
আক্রান্তদের,1
অতিজরুরি,1
রোজগারের,1
আক্রান্তে,1
সর্ববৃহৎ,1
যতদিন,1
ততদিন,1
বিনামূল্যে,1
অক্সিজেনকে,1
অক্সিজেনে,1
ইউনিটও,1
বসায়,1
পরিবহনব্যবস্থার,1
সারাদেশে,1
নাম্বারে,1
সারাদেশের,1
হাসপাতালগুলোকে,1
সিলিন্ডারগুলোও,1
ঘরবন্দী,1
স্বাস্থ্যসুরক্ষার,1
দিনরাত,1
কর্মহীন,1
দুয়ারে,1
অক্লান্ত,1
সময়কালে,1
কোয়ারেন্টিনের,1
প্রশংসিত,1
তেঁতুলিয়া,1
পর্যায়েই,1
নীলফামারী,1
জেলাগুলোও,1
ব্যাংকগুলো,1
পরিশুদ্ধ,1
সুখ্যাত,1
নিশ্বাস,1
মেডিক্যাল,1
প্রত্যক্ষদর্শীর,1
বরাত,1
গলিত,1
কারাবন্দি,1
লাশটির,1
ইকবালকে,1
সুরতহাল,1
এজাহার,1
তদন্তভার,1
পচন,1
ধরায়,1
বাহ্যিক,1
বিধায়,1
মুফিদুল,1
আসবেন,1
অপহৃত,1
রক্ষিত,1
প্যান্ট,1
প্রশাসকের,1
খাদ্যমন্ত্রী,1
ইউআইটিএস,1
বাড্ডাসহ,1
মারুফসহ,1
দুদককে,1
হামিদুর,1
ভূমিমন্ত্রী,1
সাইফুজ্জামান,1
সন্তোষজনক,1
রিলিজ,1
রিটার্নে,1
অ্যাসেসমেন্ট,1
মর্মে,1
প্রধানসহ,1
বিবাদীদের,1
২২টি,1
অন্যূন,1
মামলাগুলো,1
বিচারকাজ,1
৩৩৩টি,1
৯২০টি,1
স্বাস্থ্যঝুঁকি,1
নামী,1
মোড়কে,1
মেশিনারি,1
মানহীন,1
তেলে,1
পোড়ায়,1
অতিক্ষুদ্র,1
কণার,1
নির্গমন,1
ফেলায়,1
দূষিত,1
নিয়ন্ত্রক,1
জনবলের,1
লাইসেন্সিং,1
কমপ্লায়েন্স,1
রাজিয়া,1
বিএসটিআইয়ের,1
স্ট্যান্ডার্ডস,1
টেস্টিং,1
ইনস্টিটিউশনের,1
ঝুঁকিভিত্তিক,1
উৎপাদক,1
সচেতনতাই,1
সরবরাহব্যবস্থাকে,1
জহিরুল,1
মুকুল,1
পণ্যে,1
সিল,1
পণ্যটি,1
কনজুমারস,1
উৎসেই,1
কাস্টমস,1
বারভিডার,1
বাইকবিডির,1
সেন,1
প্যাকেট,1
দৈবচয়নভিত্তিক,1
র্যান্ডম,1
সেগুলোতে,1
পুনর্ব্যবহারের,1
মমতাজ,1
ডিফেন্সের,1
ছালেহ,1
হাইড্রোকার্বন,1
সাপ্লিমেন্টের,1
পুনর্গঠনের,1
ধারাগুলো,1
আদিবাসীদের,1
পাহাড়িরা,1
রক্তক্ষয়ী,1
আদিবাসী,1
সন্ত্রাস,1
কর্মকৌশলের,1
সুপারিশও,1
আশাজনক,1
বিজয়ীকে,1
সেমিফাইনাল,1
ফাইনাল,1
ডায়মন্ড,1
যশোরের,1
আয়োজনটির,1
সীমানা,1
বিদেশেও,1
কল্যাণমূলক,1
কর্মকাণ্ডেও,1
ক্যাম্পেইনটিও,1
সময়টিকে,1
পঠিত,1
পৌঁছাতেই,1
আলোও,1
বছরই,1
বৃত্তি,1
প্রদানসহ,1
জিনিয়াসের,1
আয়োজনগুলো,1
মুহূর্তগুলোকে,1
উপভোগ্য,1
জনসম্পৃক্ত,1
পাব,1
ষ্টারকে,1
উত্তরদাতাদের,1
ব্লুটুথ,1
ওয়াই,1
ফাই,1
এক্সটেনশন,1
সকেট,1
মসকুইটো,1
ব্যাট,1
ফ্যানসহ,1
ক্যাম্পেইনটির,1
পরিবেশনের,1
বন্ধুরা,1
পরিচয়পর্ব,1
সৌমেন্দ্র,1
গোস্বামীর,1
কার্যনির্বাহী,1
তাপসী,1
ফ্ল্যাশফিকশন,1
মাইক্রোফিকশন,1
পরিপ্রেক্ষিত,1
মোটিভেশন,1
তৃতীয়বারের,1
লেখালেখির,1
আলাপচারিতা,1
অনুবাদক,1
মঈনউদ্দীন,1
প্রকাশনীর,1
বাতিঘরের,1
সাদাত,1
চললেও,1
দাখিলে,1
ইলাহীকে,1
কিনেছিলেন,1
স্পোর্ট,1
ইউটিলিটি,1
গাড়িটির,1
মেটায়,1
সাপোর্টিং,1
করপোরেশনও,1
কমিশনও,1
প্রকল্পেই,1
পরস্পরকে,1
যোগসাজশমূলক,1
মানছেন,1
কালভার্ট,1
হাটবাজার,1
১১৯টি,1
এলজিইডিও,1
কিছুতেই,1
৪১টি,1
প্রাধিকারভুক্ত,1
২৬টি,1
দুদকে,1
প্রসিকিউটররা,1
বিডিনিউজ,1
টুয়েন্টিফোর,1
ডটকমকে,1
সচিবও,1
গাড়িই,1
চললেই,1
একাদশ,1
উপসচিবদের,1
প্রাধিকার,1
হিসেবেই,1
ঋণগ্রহীতা,1
ক্রমহ্রাসমান,1
চালকের,1
আপত্তির,1
পুলের,1
আলমও,1
পিএস,1
তাসনিমুজ্জামান,1
কটিই,1
ফিক্সড,1
হাফিজুল্লাহ,1
খানও,1
নেয়ামত,1
উল্যা,1
মোছা,1
কলি,1
সংস্থারই,1
প্রোজেক্টে,1
গাড়িতেই,1
মিঞাও,1
কর্মকর্তারাই,1
সেনাবাহিনীকে,1
অকাম,1
কুমাম,1
গণশিক্ষা,1
মন্ত্রণালয়টিতে,1
দপ্তরগুলোয়,1
গাড়িসেবা,1
নগদায়ন,1
বিধিবহির্ভূতভাবে,1
কটি,1
শক্ত,1
ফটো,1
মন্তব্যও,1
সমর্থিত,1
ফটোকার্ডটি,1
৫৫টির,1
মন্তব্যকে,1
থানাটির,1
বুলবুলের,1
বলছি,1
নিছক,1
কথামালার,1
লুকাতে,1
নির্ভরতার,1
গ্যাসভিত্তিক,1
উৎপাদনসক্ষমতা,1
গৃহস্থালি,1
মেরামতে,1
উৎপাদনেও,1
ইউনিটগুলো,1
সোলারসহ,1
উদ্বেগকে,1
বোঝাবুঝি,1
সম্পদমন্ত্রী,1
শয্যাপাশে,1
সর্দি,1
সমস্যায়,1
ভুগছিলেন,1
করোনারি,1
সিসিইউ,1
অনলাইনভিত্তিক,1
সেন্ট্রালাইজড,1
এফডব্লিউএমএস,1
স্বার্থকে,1
শ্রমশক্তি,1
শ্রমবাজারব্যবস্থা,1
সম্ভাবনাকে,1
পূরণকারী,1
জমিজমা,1
সহায়,1
সম্বল,1
কর্মপ্রত্যাশী,1
অসহায়ত্বকে,1
পুঁজি,1
নিয়োগপ্রক্রিয়ায়,1
অধিভুক্ত,1
বিবেচ্য,1
এলজিআরডি,1
রেটো,1
রেংগলি,1
প্রতিমন্ত্রীও,1
প্রার্থীদের,1
অযোগ্যতার,1
কর্মে,1
অধিষ্ঠিত,1
জনবলকাঠামো,1
এমপিও,1
নীতিমালাটা,1
সরকারব্যবস্থাকে,1
প্রাতিষ্ঠানিকভাবে,1
সরকারব্যবস্থা,1
সমবায়মন্ত্রী,1
তৃণমূল,1
কাঠামোও,1
দোরগোড়ায়,1
জনসংখ্যাকে,1
জনশক্তিতে,1
অনাদায়ি,1
ডিমান্ড,1
কনসোর্টিয়াম,1
হ্যান্ডলিংয়ে,1
হ্যান্ডলার,1
ইনডিকেটর,1
কেপিআই,1
এয়ারক্রাফট,1
ল্যান্ডিংয়ের,1
ভাগাভাগি,1
পূর্বনির্ধারিত,1
রাজস্বের,1
জোনায়েদ,1
সাকি,1
রজব,1
পড়েছিলেন,1
কাইয়ম,1
শাহাদত,1
যেগুলোর,1
বিষয়বস্তুও,1
রক্ষাকবচ,1
সংবাদপত্রের,1
সমাজকেও,1
সেদিকেও,1
আনামের,1
প্রতিমন্ত্রীসহ,1
সংক্ষুব্ধ,1
জামিনও,1
গ্রহণই,1
যতই,1
সেটির,1
কোর্টকে,1
দশটি,1
বিপদ,1
ঘরপোড়া,1
সংবাদকর্মী,1
অপপ্রয়োগে,1
মানহানি,1
ব্ল্যাকমেইলিং,1
অশ্লীল,1
স্পেসে,1
অপতথ্যসংক্রান্ত,1
মানহানিকে,1
অপতথ্যের,1
বিমূর্ত,1
সংবাদমাধ্যমকে,1
নয়া,1
দিগন্তের,1
মাসুমুর,1
খলিলী,1
বর্ণ,1
বিপদের,1
আলোকপাত,1
টিভির,1
রকমভাবে,1
রাখব,1
রামচন্দ্র,1
বন্ধুত্বপূর্ণ,1
সৌহার্দ্যপূর্ণ,1
দিনগুলোতে,1
মৌসুমেও,1
এনবিআরের,1
তথ্যে,1
এন্টারপ্রাইজ,1
কেজিতে,1
গুতেরেসের,1
উন্নয়নসহ,1
জাতিসংঘসহ,1
প্রসারবিষয়ক,1
র্যাপোর্টিয়ার,1
অ্যামনেস্টি,1
ইন্টারন্যাশনালের,1
অর্গানাইজেশনের,1
আইডিএলও,1
শরণার্থীবিষয়ক,1
ইউএনএইচসিআর,1
মিশন,1
প্রটেকশনের,1
উপপরিচালকসহ,1
সিডনি,1
পিস,1
প্রাইজে,1
আনহার্ড,1
পভার্টি,1
গ্রন্থের,1
আসামিও,1
গাবতলীতে,1
ফিরছিলেন,1
ঘটনাস্থলেই,1
রীনা,1
আকরামুজ্জামান,1
প্রজ্ঞাপনের,1
তথ্যানুযায়ী,1
সারোয়ারকে,1
আনিচ,1
আদেশপ্রাপ্ত,1
স্থাপত্যক্ষেত্রে,1
কারুপণ্য,1
আর্কিটেক্টস,1
পুরস্কারের,1
বেলজিয়ামের,1
বেলজ,1
জেড৩৩,1
পেজেও,1
চিন্তাশীল,1
পরিবর্তনশীল,1
জলবায়ুর,1
ঘনবসতিপূর্ণ,1
দৃষ্টান্ত,1
সবুজায়নের,1
ক্যাম্পাসটিতে,1
খাওয়ানোর,1
টেকসইতা,1
জনজীবনের,1
পুনরুজ্জীবনেও,1
কারখানাটিকে,1
প্রাকৃতিকভাবে,1
সবুজায়ন,1
শীতাতপনিয়ন্ত্রণের,1
বিশ্রাম,1
সুস্থতাকে,1
শিল্পস্থাপত্য,1
পুনরুজ্জীবনে,1
পঞ্চমবারের,1
অ্যালার্মের,1
কর্মব্যস্ত,1
নগরজীবনে,1
ফুয়েল,1
ব্যস্ততা,1
চ্যালেঞ্জের,1
বাইক,1
স্বাচ্ছন্দ্যের,1
বিএসইসি,1
রাষ্ট্রায়ত্ত,1
এবিএল,1
ঝেজিয়াং,1
লুইউয়ান,1
অরিজিনাল,1
ইকুইপমেন্ট,1
ম্যানুফ্যাকচারার,1
ওইএম,1
পরিবহনব্যবস্থাকে,1
নেওয়াই,1
মডেলগুলো,1
শহুরে,1
লেড,1
ব্রেকিংয়ের,1
মডেলটিতে,1
সিরামিক,1
ড্রাম,1
তেও,1
ব্যাটারিসহ,1
ইভিটির,1
ক্লাইম্বিং,1
অ্যাবিলিটির,1
এনএফসি,1
থেফট,1
বৃষ্টিপ্রবণ,1
ওয়াটার,1
রেজিস্ট্যান্স,1
মোটরের,1
ইনিশিয়েটিভসহ,1
জ্বালানিব্যবস্থার,1
মোটরসাইকেলও,1
জ্বালানিনির্ভর,1
গো,1
উইথ,1
ইভিগুলো,1
যাতায়াতে,1
বাহনের,1
জজসহ,1
অধস্তন,1
বিচারককে,1
সমপর্যায়ের,1
নিছে,1
এমনি,1
নরমালে,1
বুকের,1
দুধও,1
তারে,1
বাঁচাইছি,1
বাক্প্রতিবন্ধী,1
প্রতিষ্ঠিতও,1
হাল,1
সংসারেরও,1
ধোবাউড়া,1
বণিকপাড়ায়,1
লড়াইয়ের,1
সুমনার,1
পারলেও,1
গেলেই,1
প্রতিবন্ধকতার,1
মুখেও,1
বুঝিয়েছেন,1
অনেকগুলো,1
উচ্চমাধ্যমিকে,1
কটুকথা,1
পরিবারই,1
তুলবে,1
বুঝিয়েছিল,1
অধ্যবসায়েই,1
স্বাবলম্বী,1
ধোবাউড়ায়,1
চারুয়াপাড়া,1
পিকআপে,1
বেরাদার,1
আত্মীয়স্বজন,1
যাইতো,1
দিতাম,1
অ্যাক্সিডেন্ট,1
চাইতেন,1
জামালকে,1
দমাতে,1
সংকল্প,1
শাকসবজির,1
প্রেরণা,1
সন্তানেরাও,1
দুঃসময়ে,1
শক্তিতে,1
শাকসবজি,1
সবজির,1
পুরোদস্তুর,1
জামালের,1
সফলতা,1
ভুলিয়ে,1
কলসিন্দুর,1
মিশতে,1
দৃষ্টিভঙ্গিতে,1
জাগে,1
চলাফেরায়,1
বিয়ারিংয়ের,1
চড়ে,1
ট্রাইসাইকেল,1
স্বাচ্ছন্দ্যে,1
আয়ও,1
রাজুর,1
গল্পেই,1
ব্যক্তিরাও,1
ডিজঅ্যাবিলিটি,1
সিডিডি,1
কাঁচামাল,1
সুবিধাও,1
নিউরো,1
ডেভেলপমেন্টাল,1
এনডিডি,1
এনজিওকে,1
স্বাস্থ্যসম্মত,1
টয়লেট,1
বিচারগম্যতা,1
সম,1
ফেডারেশন,1
সড়কদ্বীপে,1
স্বোপার্জিত,1
কর্মের,1
মেহনতি,1
প্রশ্নকে,1
তরুণসমাজকে,1
উদ্দেশ্যেই,1
শাসকশ্রেণি,1
ভিন্নধর্মী,1
ইতিহাসচর্চাকেও,1
স্বনির্ভর,1
সেলফ,1
রিলায়েন্ট,1
হলসহ,1
উদ্বৃত্ত,1
মহাপরিকল্পনা,1
পরীক্ষামূলক,1
গবেষণাগার,1
লিভিং,1
মৌসুমী,1
গ্যাসনির্ভর,1
আমন্ত্রণে,1
বৃত্তিমূলক,1
শিক্ষাবিষয়ক,1
ছাড়েন,1
সাউদার্নের,1
ইয়াও,1
ওয়েন,1
লি,1
শাওপেং,1
থার্ড,1
শিয়া,1
দাওজিং,1
গৌরীপুরে,1
নাজিম,1
শাহাবুল,1
গৌরীপুর,1
মইলাকান্দা,1
সাপ,1
সাপগুলো,1
ফাইন্যান্স,1
পরিবর্তনবিষয়ক,1
সাইমুম,1
সমন্বয়ক,1
পরিবর্তনমন্ত্রী,1
রূপকল্প,1
অর্থায়নসংক্রান্ত,1
দিকনির্দেশনাও,1
অনুশীলনের,1
সুচিকিৎসা,1
আবেগঘন,1
সান্ত্বনা,1
অনুশীলন,1
গোলাবর্ষণের,1
সেনাসদস্য,1
সেনাসদস্যের,1
সমবেদনা,1
আলাপকালে,1
শঙ্কিত,1
ওপরই,1
বন্ধুর,1
রাসেলকে,1
বুলবুলকে,1
কবরস্থানে,1
পত্রপত্রিকা,1
চাষাঢ়া,1
ওসমানের,1
অয়ন,1
মিনহাজ,1
আহম্মদ,1
ইউপি,1
শশাঙ্ক,1
শেখর,1
আরিফের,1
নাঙ্গলকোটের,1
ঢালুয়া,1
ভূঁইয়াসহ,1
আবেদনকারীরদের,1
পল্লব,1
বাহার,1
রুমি,1
সমর্পিত,1
আবেদনকারীপক্ষ,1
চাকুরি,1
সেহেতু,1
সমুদয়,1
সংগতিপূর্ণ,1
ঘনিষ্ঠদের,1
পজিশনে,1
পারফরম্যান্সের,1
তাকালে,1
ইন্টারেস্টিং,1
মুমিনুল,1
সংখ্যাটা,1
সমার্থক,1
ব্যাটিং,1
রানের,1
নম্বরেই,1
পর্দা,1
পর্দার,1
গুজবের,1
শুটিংসহ,1
দুর্বলতার,1
সুসম্পর্ক,1
চলছি,1
ভূখণ্ডকে,1
নিশানা,1
ঘাঁটিগুলোতে,1
ভূখণ্ড,1
স্বার্থই,1
মিত্রদের,1
তোমাদের,1
অজুহাত,1
চালিয়েছিল,1
হাতেই,1
ইরাকের,1
কুর্দিস্তান,1
ঘাঁটিগুলোকে,1
হেনেছে,1
দৃষ্টিতে,1
পরাজয়ের,1
অংশমাত্র,1
দিইনি,1
অস্ত্রমুক্ত,1
ইসরায়েল,1
ভেবেছিল,1
সাহায্যই,1
জর্ডানের,1
আকাশসীমা,1
আবিবের,1
পূর্বের,1
জ্বালানিভিত্তিক,1
ইউনিটপ্রতি,1
মাতৃভাষা,1
এএমআর,1
রিডিং,1
বিতরণব্যবস্থার,1
সৌরবিদ্যুৎকেন্দ্রের,1
রাখারও,1
অসামঞ্জস্যপূর্ণ,1
আইপিপি,1
পিপিপি,1
এসআইপিপির,1
উচ্চমূল্যে,1
লুণ্ঠনমূলক,1
জনআস্থা,1
প্রস্তাবকারী,1
প্রকাশেরও,1
অ্যাকসেসের,1
অদক্ষতার,1
নিকাশে,1
ব্যবসাবান্ধব,1
ফ্লোসোলারের,1
ভোল্টেজে,1
ব্যাকআপের,1
সেরাজুল,1
গণশুনানি,1
স্টোরেজের,1
খরচসহ,1
সতর্কভাবে,1
দ্বিমত,1
অংশীজনেরা,1
তিক্ত,1
চূড়ান্তভাবে,1
আন্তঃবাহিনী,1
বলয়ের,1
দ্বন্দ্ব,1
প্রভাবের,1
উত্তরাধিকারসংক্রান্ত,1
সম্পৃক্ততাও,1
সংজ্ঞায়,1
উদ্বেগগুলো,1
তড়িঘড়ি,1
কণ্ঠভোটে,1
১০টায়,1
নীতিগুলোকে,1
আইনিব্যবস্থাকেও,1
নীতিগুলো,1
চর্চায়,1
উই,1
পিপল,1
বাক্য,1
ফিলাডেলফিয়ায়,1
উদ্যাপিত,1
দিনটি,1
অঙ্গনের,1
প্রতিনিধিসহ,1
সিআইবি,1
ঘড়িতে,1
বাজতে,1
হেয়ার,1
ফিরলেন,1
মাছুদার,1
বছির,1
শাপলাকে,1
মার্কেল,1
অর্জুন,1
গ্যাব্রিয়েলা,1
দেমেত্রিয়াদেস,1
বন্ধনে,1
বিয়েটা,1
জাঁকজমকপূর্ণ,1
গোয়ায়,1
বাঁহাতি,1
পেসার,1
শরীফুলের,1
ম্যাকাই,1
টেস্টের,1
মালয়েশিয়ায়ও,1
সচ্ছলেরা,1
বছরগুলোয়,1
তেলবাহী,1
বিপ্লবী,1
গার্ড,1
আইআরজিসি,1
জলসীমায়,1
যুদ্ধজাহাজ,1
ব্যালিস্টিক,1
ছোড়ার,1
আরেকজনের,1
দ্বৈরথগুলোর,1
ক্রিস্টিয়ানো,1
রোনালদো,1
জামানের,1
পড়ায়,1
ভক্ত,1
শুভাকাঙ্ক্ষীরা,1
জমিসংক্রান্ত,1
নেটিজেনরা,1
পাশপাশি,1
কৌতূহলও,1
জেগেছে,1
আসলেই,1
পার্থক্যটাই,1
ধারাগুলোও,1
বেচাকেনার,1
রেজিস্ট্রেশনের,1
দলিলদাতা,1
আইনও,1
সম্পাদনকারীদের,1
পরিচয়ও,1
ইচ্ছায়,1
বিধানে,1
শ্রেণিভেদে,1
পরিমাণের,1
নকলনবিশ,1
লেখকের,1
উৎকোচ,1
উইল,1
টিপসই,1
এটিকেই,1
সম্পাদনকারীকে,1
উভয়কেই,1
অক্ষমতার,1
অব্যাহতির,1
ভিজিটে,1
দূত,1
কতগুলো,1
দিল্লি,1
অপার,1
সমঝোতায়,1
পৌঁছেছেন,1
ক্রয়াদেশের,1
পারস্পারিক,1
বাণিজ্যঘাটতি,1
বহর,1
আধুনিকীকরণ,1
টানেন,1
আধুনিকায়নে,1
সইয়ের,1
জেট,1
উড়োজাহাজের,1
উড়োজাহাজটি,1
উড়োজাহাজগুলো,1
বহরে,1
বাড়ল,1
পুনর্বণ্টন,1
স্বপনকে,1
মন্ত্রণালয়েরই,1
আফরোজা,1
খানমকে,1
রিতা,1
প্রতিমন্ত্রীদের,1
শপথের,1
প্রু,1
জেরীকে,1
দীপেন,1
দেওয়ান,1
নিরাপত্তাকর্মীদের,1
স্যাবোটেজ,1
যুগোপযোগী,1
শব্দটা,1
নজরদারিতে,1
অপতৎপরতা,1
দুষ্টুচিন্তা,1
৫৫টি,1
তৎপরতাও,1
বাহিনীকে,1
অপরাধীকে,1
ছোবল,1
সরকারকেও,1
হাইকমিশন,1
প্রবীণ,1
শ্রদ্ধার,1
রোজান,1
আক্তারকে,1
বুঝতেই,1
পারছো,1
এইচএসসি,1
এভারকেয়ার,1
পরিচর্যা,1
চিকিৎসকেরাও,1
এমটাই,1
ডায়াবেটিসসহ,1
পরীক্ষাও,1
শর্করার,1
বিপজ্জনকভাবে,1
মিলেমোল,1
লিটারে,1
সেদিনই,1
ক্যান্টনমেন্টে,1
ভার্সনের,1
দেখতেন,1
সাফিয়া,1
আরশাদুল,1
প্লে,1
গ্রুপে,1
আক্তারও,1
পরীক্ষাভীতির,1
তারপর,1
মারাই,1
অষ্টম,1
ক্যাপ্টেন,1
অ্যাডমিন,1
প্যারেডের,1
এক্সিকিউটিভ,1
ফটোগ্রাফারসহ,1
পদার্থবিজ্ঞান,1
মনমতো,1
পরীক্ষাগুলোর,1
ফেলতেন,1
গণিত,1
সিট,1
কাঁধে,1
রেজাল্ট,1
দেরিতে,1
করাতেন,1
ফ্যাট,1
ভাঙতে,1
কিটোন,1
লবণ,1
পানিশূন্যতা,1
কিডনির,1
অঙ্গগুলোর,1
উচ্চরক্তচাপ,1
স্থূলতা,1
আধিক্যের,1
কমিউনিকেবল,1
থাইরয়েড,1
রোগবিশেষজ্ঞ,1
মোহনা,1
পিপাসা,1
প্রস্রাব,1
শ্বাসকষ্ট,1
পেটব্যথা,1
বমি,1
ঝিমুনি,1
বড়দের,1
অসুস্থতাকে,1
শিরায়,1
ইনসুলিন,1
ইলেকট্রোলাইট,1
অধিকারকর্মী,1
গওহার,1
খাদ্যতালিকা,1
পরীক্ষাগুলো,1
ভাবেন,1
জাগতে,1
চিকিৎসককে,1
ব্যথার,1
মনোচিকিৎসককে,1
চেকআপ,1
নুডলস,1
রসায়ন,1
তিনতলায়,1
খারাপের,1
ঘুমালেই,1
মস্তিষ্কে,1
রক্তক্ষরণের,1
খুলি,1
টাকারও,1
নিচ্ছিলাম,1
খুলিটা,1
হাসপাতালেই,1
ছেলেসহ,1
টিকিটও,1
চায়নি,1
ছেলেমেয়েদের,1
চাইনি,1
স্কেলের,1
বাড়িভাড়ার,1
প্রাথমিকের,1
পূর্ণাঙ্গভাবে,1
নোয়াখালীর,1
বেতনকাঠামোতে,1
পরশু,1
আইএমএফ,1
ফিফা,1
উইন্ডো,1
স্টেডিয়ামে,1
ম্যাচ,1
কনফেডারেশন,1
সিবিএফ,1
প্রত্যর্পণ,1
সীমান্ত,1
নেতৃত্বও,1
সমানভাবে,1
বাস্তববাদ,1
দ্রোহ,1
সাম্যবাদের,1
চেতনায়,1
৫০তম,1
পিজি,1
ভাদ্র,1
প্রতিভার,1
জীবনপ্রদীপ,1
মৃত্যুবার্ষিকীতে,1
অকৃত্রিম,1
ভালোবাসা,1
মৃত্যুঞ্জয়ী,1
মাহফিল,1
হামদ,1
নাতের,1
সংগঠনেরও,1
জ্যৈষ্ঠ,1
পশ্চিমবঙ্গের,1
বর্ধমান,1
চুরুলিয়া,1
ডাকনাম,1
দুখু,1
সৃষ্টিশীল,1
সাহিত্যজীবনের,1
সৃষ্টিকর্ম,1
অমূল্য,1
সাহিত্যকর্ম,1
সাহিত্যে,1
নবজাগরণ,1
শোষণ,1
বঞ্চনা,1
চিরপ্রেমের,1
মম,1
বাঁকা,1
বাঁশরী,1
রণ,1
তূর্য,1
মর্যাদায়,1
লিট,1
উপাধিতে,1
একুশে,1
শহরটির,1
আবেগের,1
গল্পকে,1
আবিষ্কার,1
বন্দরনগরীর,1
ক্যাম্পেইনের,1
প্যাকেজিং,1
প্ল্যাটফর্মেও,1
কনটেস্টের,1
আয়োজনজুড়ে,1
আবিষ্কারের,1
রেলওয়ের,1
অভিজ্ঞতামূলক,1
খাদ্যসংস্কৃতিকেও,1
মেজবান,1
চায়ের,1
স্বাদের,1
অনুষঙ্গের,1
পঞ্চাশের,1
ক্রিয়েটরের,1
সাবিলা,1
মাহি,1
ক্রিয়েশন,1
বেংগলি,1
বইন,1
জিসানসহ,1
ব্যক্তিত্বকে,1
শহীদুল্লাহ,1
কনজ্যুমার,1
গুডস,1
ডিভিশনের,1
সাপ্লাই,1
চেইন,1
ফাহাদ,1
বার্ষিকী,1
নেত্রী,1
খালাসের,1
দোষী,1
সাব্যস্ত,1
দণ্ডাদেশ,1
তথ্যপ্রমাণ,1
পারিপার্শ্বিক,1
এগারোর,1
পটপরিবর্তনের,1
লুৎফুজ্জামান,1
বাবরসহ,1
অভিযোগপত্রের,1
বিচারকে,1
ন্যায়বিচারের,1
আজীমকে,1
নৌপ্রধানকে,1
দায়িত্বভার,1
সাবস্ক্রিপশনের,1
ডিপসিকসহ,1
সাবস্ক্রিপশনে,1
গ্রোক,1
ডিপসিক,1
জেমিনাইসহ,1
কোডিং,1
ডকুমেন্ট,1
সারসংক্ষেপ,1
ব্যালেন্সের,1
আনলিমিটেড,1
চ্যাটের,1
অ্যাসাইনমেন্ট,1
প্রেজেন্টেশন,1
কোডিংয়ে,1
মন্ত্রণালয়বিষয়ক,1
প্রবৃদ্ধির,1
গ্রামীণফোনের,1
ইয়াসির,1
আজমান,1
আজিয়াটা,1
ডিপসিকের,1
বান্ডেল,1
প্যাক,1
বান্ডল,1
টোকেনের,1
ফ্রিল্যান্সার,1
জিয়াদ,1
সাতারা,1
ফারাতুল,1
আইডিয়াল,1
ব্লাড,1
ক্যানসারে,1
ব্যয়ভার,1
নিঃস্ব,1
অস্থিমজ্জা,1
প্রতিস্থাপন,1
বোনম্যারো,1
ট্রান্সপ্ল্যান্ট,1
বিত্তবান,1
সামর্থ্যবান,1
সাহায্যের,1
রামপুরা,1
সংখ্যায়,1
হেডকোয়ার্টার্স,1
৪৭৪টি,1
জনমনে,1
একাকী,1
সহজীকরণের,1
জিডির,1
মুষ্টিমেয়,1
ছুঁতে,1
প্রখ্যাত,1
ভার্চ্যুয়ালি,1
উত্তরণে,1
ন্যায্যতা,1
জীবনকুশলতা,1
রেহমান,1
মেরুকরণ,1
চিন্তাশক্তিকে,1
কেন্দ্রীভূত,1
অধিকারীরা,1
মালিকানাও,1
গ্রামপর্যায়ের,1
স্তিমিত,1
বিশ্বপর্যায়েও,1
মাধ্যমগুলোর,1
ধনীদের,1
শতকে,1
শিল্পবিপ্লবের,1
শক্তিই,1
সংকটময়,1
শিশুশ্রম,1
শক্তিকে,1
উন্নততর,1
খালেক,1
ফায়েজ,1
উচ্চশিক্ষাসংশ্লিষ্ট,1
তোলাও,1
বাড়ালেই,1
ব্যবহারও,1
কর্মসংস্থানমুখী,1
সংখ্যাও,1
উপাচার্যরা,1
মানোন্নয়ন,1
আন্তর্জাতিকীকরণ,1
স্নাতকদের,1
বৃদ্ধিসহ,1
মামুনসহ,1
শিক্ষাবিদেরা,1
শ্রেণিভিত্তিক,1
প্রথা,1
বিসিএসের,1
ক্যাডারে,1
একেকজনের,1
জটিলও,1
বেতনকাঠামোর,1
নির্ধারণসংক্রান্ত,1
বাড়িভাড়াও,1
এতটা,1
সরল,1
বেতনকাঠামায়,1
বেতনও,1
চুক্তিভিত্তিতে,1
মোহাৎ,1
নাগরীকে,1
আমীনকে,1
মেহেরুন,1
ডিটেইল,1
রাজাবাজারের,1
নৃশংসভাবে,1
মাছরাঙা,1
মোজাফফরের,1
মোজাফফর,1
কানেকশন,1
অথেনটিক,1
ওয়াইডস্প্রেড,1
সিস্টেমেটিক,1
ব্যাপকমাত্রা,1
আদালতেই,1
অফিসারদের,1
গুণাবলি,1
বিশ্বস্ততা,1
নিযুক্তিগত,1
উপযুক্ততার,1
ঘোষক,1
দেশনেত্রী,1
কৃতজ্ঞচিত্তে,1
যুদ্ধাহত,1
মুক্তিযোদ্ধাদের,1
শহীদসহ,1
সেনাদের,1
পরিচালন,1
এডিএসআই,1
ফলক,1
নব,1
এডিএসআইয়ের,1
এসিওসি,1
এসিওসির,1
লার্জ,1
ডিসপ্লের,1
শত্রুবিমানগুলোকে,1
ভেহিকেলের,1
ফিডের,1
অ্যারোস্পেস,1
প্রস্তুতকৃত,1
কামিকাজি,1
ইন্টারসেপ্টর,1
ভিটোল,1
কোয়াডকপ্টারের,1
উড্ডয়ন,1
উড্ডয়নব্যবস্থা,1
প্রস্তুতকরণ,1
আত্মনির্ভরতার,1
বারিধারায়,1
মোশাররফকে,1
ফ্ল্যাটের,1
প্রত্যাখ্যাত,1
ফ,1
ডিএসসিএসসি,1
আনুষঙ্গিক,1
কোর্সের,1
বরখাস্তকালে,1
খোরপোশ,1
কামালকাছনা,1
মাছুয়াপাড়ায়,1
তরুণকে,1
জিলা,1
গণপতি,1
জিনিসপত্র,1
ভূরুঙ্গামারীতে,1
ডিলারের,1
গুদাম,1
ইউরিয়া,1
শিলখুড়ি,1
ইউনিয়নে,1
ফ্লাইট,1
নিলামে,1
গলদা,1
বাগদা,1
রুপচাঁদা,1
অবিশ্বাস্য,1
স্বাগতিকদের,1
উইকেটে,1
হারের,1
ক্রিকেটারদের,1
বলিউডের,1
চিত্রনাট্যকার,1
কমল,1
আমরোহির,1
তাজদার,1
আমরোহি,1
গোলাপি,1
সালোয়ার,1
কামিজ,1
লোকেরা,1
মহিলার,1
কিল,1
মারে,1
এক্সপোজ,1
অধিকারে,1
বর্বরোচিত,1
শাসনামল,1
পেজেই,1
ডিউ,1
ইনসাইডারস,1
পেজও,1
অনুসারীর,1
নেতাকর্মীদের,1
চুপ,1
নারীবাদী,1
পেজগুলোই,1
ব্যবহারকারীও,1
বিভ্রান্ত,1
স্থানটির,1
জিওলোকেশন,1
সংবাদমাধ্যমগুলোতে,1
হকও,1
বিরোধকে,1
ব্যবসায়ীকে,1
পোশাকশিল্প,1
জাকিয়াকে,1
সময়েরই,1
প্রতিবেদনগুলোতে,1
শাহানা,1
তুললেও,1
শিশুবিষয়ক,1
মন্ত্রণালয়সহ,1
বেনজির,1
দাবিরও,1
দাবিগুলোর,1
প্রেমভিত্তিক,1
সেন্সর,1
পদক্ষেপগুলো,1
নোটিশদাতাকে,1
অবকাশে,1
নাটকে,1
মাত্রাতিরিক্ত,1
রোমান্টিক,1
পরকীয়া,1
বিবাহবহির্ভূত,1
ব্যভিচার,1
মহিমান্বিত,1
যুবসমাজ,1
ক্যারিয়ার,1
বিচ্যুত,1
নৈরাজ্য,1
কেব্ল,1
যুবসমাজের,1
মনস্তাত্ত্বিক,1
ক্রমাগত,1
ইচ্ছাকৃতভাবে,1
সম্প্রচারসচিব,1
এসআরও,1
অন্তর,1
কষ্টকর,1
মানও,1
যেটুকু,1
ফকিরও,1
শেখায়,1
পডকাস্টে,1
শুরুটা,1
নানাভাই,1
বোঝান,1
পাখিকে,1
খাঁচায়,1
দেখতাম,1
জাতের,1
কাজটাই,1
হলুদমুখো,1
বাচ্চাও,1
উপার্জনের,1
বদলাল,1
শৌখিন,1
কবুতরগুলোর,1
গরুর,1
দুম্বা,1
শেখার,1
রমজানের,1
ভাইরাসে,1
৩২টি,1
পশু,1
দূরেই,1
মেসে,1
পড়ত,1
নানাভাইও,1
নাটোর,1
পাঠাতাম,1
চাইত,1
তাজা,1
আমের,1
অভিজ্ঞতাকেই,1
শতমূল,1
অ্যাগ্রো,1
ডিপ্লোমা,1
টুলস,1
ফ্যাক্টরিতে,1
অ্যাটাচমেন্টে,1
চৌরাস্তার,1
এন্টারপ্রাইজে,1
আত্মবিশ্বাসী,1
কেনাবেচাকে,1
টেলিগ্রাম,1
হোয়াটসঅ্যাপের,1
ডিটেলস,1
এসএমএসের,1
বিবরণী,1
লারাক,1
দ্বীপে,1
উৎক্ষেপণব্যবস্থা,1
রকেটের,1
মাইন,1
ছাড়তেই,1
বয়সও,1
জার্সিতে,1
মেসির,1
আর্জেন্টিনা,1
অবসরের,1
ব্যাপারটা,1
ঘুণাক্ষরেও,1
টের,1
একসময়ের,1
সাদিকা,1
থাকছেন,1
সারফেসে,1
সিনক্রোনাইজড,1
লুমিনো,1
সিরিজের,1
এমবসড,1
ইআইআর,1
ফিনিশে,1
টেক্সচার,1
প্রিন্টেড,1
ডিজাইনের,1
নিখুঁতভাবে,1
ফুটে,1
অপারেশন্স,1
নাসিম,1
ডিজাইনার,1
গৃহমালিকদের,1
স্পর্শেও,1
উদ্ভাবনে,1
ইউ,1
ক্যান,1
ভ্যারিয়েন্টে,1
ক্লে,1
ফ্রস্ট,1
লোম,1
টেরা,1
রেসিডেনশিয়াল,1
ফার্নিচার,1
ওয়্যারড্রোব,1
ক্যাবিনেট্রি,1
ইন্টেরিয়র,1
ডেকর,1
কেসওয়ার্ক,1
কমার্শিয়াল,1
ফিক্সচার,1
প্যানেলিং,1
ক্ল্যাডিং,1
মডুলার,1
ফার্নিচারের,1
উইং,1
শুকাচ্ছে,1
নেমেছে,1
প্রসূতি,1
ব্যক্তিরও,1
যক্ষ্মাবিশেষজ্ঞরা,1
থানাপাড়া,1
সেলাই,1
কাটাসহ,1
ড্রেসিং,1
পরামর্শমতো,1
চলেন,1
দুয়েক,1
পেটের,1
শুকাচ্ছিল,1
পুঁজ,1
জমতে,1
রস,1
শুকায়,1
মাংসের,1
রানীকেও,1
রাজশাহীতে,1
যক্ষ্ম,1
জয়াকে,1
কাগজপত্রে,1
আশঙ্কাজনক,1
গবেষণাপ্রতিষ্ঠানকে,1
সার্জনের,1
কর্মসূচিকে,1
সাজ্জাদসহ,1
গবেষণাকেন্দ্র,1
আসিডিডিআরবি,1
পাবনায়,1
চিকিৎসাশাস্ত্র,1
অঙ্গপ্রত্যঙ্গে,1
যক্ষ্মাকে,1
এক্সট্রা,1
পালমুনারি,1
চিকিৎসায়ও,1
দাসও,1
তেঁতুলতলা,1
নিচতলা,1
থিয়েটার,1
ফুটের,1
মেনেই,1
আয়তনের,1
অস্ত্রোপচারকক্ষটি,1
ধোয়ামোছা,1
অস্ত্রোপচারকক্ষের,1
অস্ত্রোপচারই,1
স্বাভাবিত,1
প্রসবও,1
প্রটোকল,1
প্রসবকক্ষ,1
প্রতিবেদককে,1
দুজনই,1
মুশকিল,1
ঘটল,1
মডার্ন,1
নাঈম,1
ইফতেখারুল,1
ক্লিনিকটি,1
ভয়ই,1
রওশান,1
ল্যাপারেস্কোপি,1
ছিদ্র,1
দেশগুলোয়,1
যক্ষ্মাবিশেষজ্ঞ,1
প্রত্যেকেই,1
নেওয়াও,1
বক্ষব্যাধি,1
মুজতবা,1
প্রতিপালিত,1
সরোয়ার,1
দেখারও,1
বারের,1
ওনার,1
বাদানুবাদের,1
পেনাল্টি,1
বলি,1
সিঁদুরে,1
মেঘ,1
প্রবাদ,1
তিনটির,1
সেইভাবে,1
অঙ্গের,1
নাজিব,1
নিশ্চিতভাবে,1
সেপারেশন,1
পাওয়ারের,1
থিওরি,1
পার্ট,1
ইনফরমাল,1
বডি,1
দিচ্ছি,1
বিচারালয়ে,1
ফাইট,1
দিলাম,1
যেয়ে,1
ওনারা,1
কালকে,1
গেলেন,1
কনটেম্পট,1
উঠেই,1
যথারীতি,1
কোর্টেই,1
পারলাম,1
দাঁড়ান,1
বইমেলা,1
বইমেলার,1
ইনশা,1
পড়ুক,1
বদ্ধমূলভাবে,1
সহনশীলতা,1
ধৈর্যশীল,1
জীবনী,1
তিতিক্ষা,1
সাহসিকতা,1
দেশপ্রেমের,1
পাথেয়,1
জ্ঞানচর্চার,1
সুস্বাস্থ্যের,1
আহরণের,1
জ্ঞানচর্চায়,1
আধিপত্যবাদী,1
সংস্কৃতিতে,1
পরাশক্তি,1
আধিপত্যবাদের,1
পাঠাগারের,1
তাবৎ,1
শ্রেষ্ঠত্বের,1
গুণী,1
গ্রন্থাগারগুলোর,1
অবহেলিত,1
রুচিশীল,1
মার্জিত,1
গ্রন্থাগারে,1
বইও,1
গ্রন্থাগারগুলো,1
কুসংস্কার,1
অজ্ঞতা,1
নেশার,1
জগৎ,1
গ্লানি,1
আটকাতে,1
ভিসি,1
সালামসহ,1
বিদ্রোহী,1
আবৃতি,1
মুন্সি,1
টিটু,1
বইমেলায়,1
উপন্যাস,1
শিশুতোষ,1
৮০৬টি,1
সংখ্য,1
৪৯৫টি,1
স্বাস্থ্যমন্ত্রীর,1
পদগুলো,1
শামসুর,1
ক্রয়প্রক্রিয়া,1
৩৭টি,1
আসনসংখ্যা,1
২৭৮টি,1
কারণগুলোও,1
অস্থিরতার,1
পরিপূরক,1
রুবেলা,1
টিকাদানের,1
আওতা,1
ক্যাম্পগুলোতে,1
মারত্মক,1
মাজহারুল,1
ধর্মমন্ত্রী,1
সংগৃহীত,1
জাকাতের,1
ওলামা,1
শুমারি,1
৮১৩টি,1
সাবিকুন্নাহারের,1
৬০৬টি,1
৬৭১টি,1
মেরিন,1
৯৩৫টি,1
দুর্ঘটনায,1
নিহতের,1
আহতের,1
ঢালিউডের,1
সময়েও,1
মৃত্যুরহস্যের,1
জট,1
খোলেনি,1
জন্মস্থান,1
জকিগঞ্জ,1
কমর,1
চলচ্চিত্রে,1
অভিনয়জীবনে,1
জনপ্রিয়তা,1
হৃদয়ে,1
মীমাংসা,1
ফ্ল্যাটে,1
হলি,1
আরজি,1
অপমৃত্যু,1
প্রত্যাখ্যান,1
ইনভেস্টিগেশনকে,1
খলচরিত্রের,1
ডনসহ,1
সামিরার,1
যতগুলো,1
কটিতে,1
আবিদ,1
নেব,1
পরিকল্পিত,1
ছেড়েছেন,1
পার্লামেন্টারি,1
আইপিইউ,1
ফিলিপকে,1
সফরকালে,1
ওবায়েদসহ,1
নিপীড়িত,1
সংগ্রহকারীদের,1
হায়াত,1
চারতলায়,1
নার্সদের,1
জ্যোৎস্না,1
হাসপাতালেও,1
দায়িত্বপ্রাপ্তদের,1
শ্যামলীর,1
গিয়েই,1
রূপম,1
কাউকেই,1
কর্নারের,1
নিপা,1
সংগ্রহকারীদেরও,1
নার্সরা,1
যাননি,1
গুছিয়ে,1
এক্স্যাক্ট,1
ডেটটা,1
গিয়েছি,1
ডেমরার,1
ওইটা,1
দায়িত্বটি,1
হোয়াটসঅ্যাপে,1
কর্তৃপক্ষেরও,1
জাহানে,1
বিনতে,1
মনিটরিং,1
প্রকোপে,1
ওষুধটির,1
আতিকুল,1
মায়ামি,1
ফগিংকে,1
সিটিই,1
আমদানিতেও,1
অ্যাগ্রোভেট,1
ওষুধকে,1
কেমিক্যালের,1
কাস্টমসের,1
জেনেটিকা,1
৮পি,1
ভেজাল,1
লিমিট,1
এগ্রোপ্রোডাক্টস,1
মিশিয়ে,1
ওয়েল,1
নোভালিউরনও,1
ডিএনসিসিতে,1
৫৭৩টি,1
ফগার,1
৬৯টি,1
মিস্টব্লোয়ার,1
২৩টি,1
পরীক্ষাধীন,1
ক্রু,1
৫৭৫টি,1
৫২৫টি,1
ওভারসিজের,1
আরবেও,1
ওভারসিজসহ,1
এজেন্সিগুলোর,1
নামও,1
হোতারাই,1
যুক্তরাষ্ট্রভিত্তিক,1
ভেরিটে,1
ইনকরপোরেটেডসহ,1
বিএমই,1
২৫টির,1
বলেনি,1
সিস্টেমের,1
মাইগ্রামের,1
বেস্টিনেট,1
বংশোদ্ভূত,1
চব্বিশের,1
আত্মগোপন,1
দুদকও,1
২৫টিকে,1
৩৩৮টি,1
মালয়েশিয়াকে,1
লাইসেন্সও,1
অ্যাংকর,1
মাইগ্রেশন,1
এজেন্সিও,1
গালফ,1
বানু,1
হাইয়ের,1
গ্রিনল্যান্ড,1
হাই,1
বানুকে,1
মেয়েও,1
৫৭টি,1
৫২টি,1
গডনেস,1
রিফা,1
গডনেসের,1
দিলেও,1
ধরেনি,1
বায়রা,1
মালয়েশিয়ান,1
কর্মীপ্রতি,1
ন্যস্ত,1
নতজানু,1
পররাষ্ট্রনীতির,1
সমঝোতার,1
শর্তের,1
অল্পসংখ্যক,1
ঢোকাতে,1
হোতাদের,1
৩১২টি,1
অ্যাসোসিয়েট,1
কাজটিও,1
নিয়োগকর্তারাও,1
চেনেন,1
পাঠাবে,1
অখ্যাত,1
বানিয়ে,1
সিন্ডিকেটমুক্ত,1
এফডব্লিইসিএমএসে,1
মন্ত্রিপর্যায়ে,1
ইস্কান্দারের,1
উন্মুক্তকরণের,1
দ্বার,1
পোষণ,1
সালেও,1
বোয়েসেল,1
বোয়েসেলকে,1
মধ্যস্বত্বভোগীদের,1
খোলে,1
৫২০টি,1
কাউন্সিলরের,1
পাঠায়নি,1
প্রতিবারই,1
বাজারটি,1
ঠকানো,1
নূরের,1
সিস্টেমেই,1
কারাগারের,1
মাবুদ,1
হাজতি,1
মাবুদকে,1
মাবুদের,1
চন্দনাইশ,1
হামিমপুর,1
সোবাহান,1
বারেককে,1
কারারক্ষীরা,1
সিসিইউতে,1
বারেকের,1
লোডশেডিংও,1
তেলভিত্তিক,1
বিদ্যুৎকেন্দ্রগুলো,1
খরচই,1
বিদ্যুৎকেন্দ্রকে,1
অনভিজ্ঞ,1
কোম্পানিকে,1
আমদানিসংশ্লিষ্ট,1
আগুনে,1
টার্মিনালটি,1
মঙ্গলবারও,1
আরেকটিতে,1
মাতারবাড়ি,1
বিদ্যুৎকেন্দ্রটির,1
শোধেও,1
সহনীয়,1
স্বস্তিতে,1
গ্রীষ্মের,1
মধ্যমেয়াদে,1
জ্বালানী,1
জ্বালানিবিশেষজ্ঞ,1
কেনাও,1
কয়লাচালিত,1
বরগুনার,1
দুয়ানীর,1
রাখতেন,1
কাঁঠালতলীতে,1
সাদাপোশাকে,1
বাতি,1
নিভিয়ে,1
মাইক্রো,1
গাড়িগুলো,1
বরফ,1
থামত,1
তুলতেন,1
ওঠানোর,1
রিয়াজের,1
রশি,1
হোগলা,1
চালাতাম,1
পাটাতনের,1
ওপরের,1
ছাউনিসংবলিত,1
ঘরকে,1
সাইডে,1
দিত,1
নৌকাগুলো,1
ধুয়ে,1
ধোয়ার,1
নাড়িভুঁড়ি,1
মগজ,1
বরফমিলে,1
তোমাদেরকে,1
ডাকে,1
মাঝিরা,1
সাক্ষীসহ,1
প্রত্যেককে,1
টাকাগুলো,1
খামে,1
লেখাপড়া,1
জনতেন,1
অপরটির,1
মল্লিকও,1
তোমাকে,1
আলকাছকে,1
খ্যাপা,1
আলকছাকে,1
সেদিনেই,1
আলকাছের,1
মাইজা,1
স্যারের,1
রূপকথা,1
পড়েছি,1
কতই,1
ভাবনার,1
শুনিয়েছে,1
অদূরে,1
রোখসানা,1
মিমি,1
গণ্ডির,1
কল্পজগতের,1
ভান্ডার,1
মননশীল,1
লক্ষ্যকে,1
দায়বদ্ধতার,1
পড়ানোর,1
স্কুলগুলোর,1
শিক্ষাপ্রতিষ্ঠানগুলোকে,1
গ্রহণক্ষমতা,1
মানবসভ্যতার,1
শ্রেষ্ঠ,1
বইগুলোর,1
সময়েই,1
ব্যক্তিজীবন,1
চিন্তায়,1
অর্থটা,1
লক্ষ্যের,1
কাদীর,1
পাঠ্যপুস্তকের,1
গণ্ডি,1
মুক্তচিন্তার,1
সেন্ট,1
যোসেফ,1
কহন,1
সমগ্র,1
আমিই,1
তোপসে,1
মিজারেবল,1
লেগেছিল,1
চরিত্রটির,1
তথ্যবিজ্ঞানের,1
সুফিয়া,1
দীপাবলি,1
বাচ্চাই,1
পাঠ্যক্রমের,1
কল্পনাশক্তি,1
গ্রন্থাগারিকদেরও,1
ঝালকাঠি,1
প্রহরায়,1
মহেশ,1
শ্যামলী,1
মাঠসংলগ্ন,1
বামনা,1
বেবাজিয়াখালী,1
রাজাপুর,1
ওরিয়েন্টাল,1
আফ্রিকান,1
উৎপাদনসংকট,1
ইন্টারকন্টিনেন্টালে,1
নেভিগেটিং,1
ট্রানজিশন,1
অ্যালাইনমেন্ট,1
জিওপলিটিক্যাল,1
অ্যাডভোকেসি,1
আইপিজিএডি,1
কেন্দ্রভাড়া,1
লোভেই,1
সালিশে,1
নিশ্চিতভাবেই,1
হেরে,1
আইনিভাবে,1
ভয়েড,1
অ্যাব,1
ইনিশিও,1
গোড়া,1
বাতিলযোগ্য,1
কিংস,1
জেতার,1
ইনভেস্টিগেশন,1
নিরসনে,1
আক্ষরিক,1
অর্থেই,1
বাঁচানোর,1
ক্রাইসিস,1
শিকড়,1
উপড়ে,1
ধারাবাহিকতার,1
অভাবকে,1
ম্যাগাজিনের,1
ভোলায়,1
গ্যাসক্ষেত্রগুলোতে,1
শেভরন,1
কুইক,1
রেন্টাল,1
ইনভার্টার,1
বিএলডিসি,1
শোষিত,1
ব্যর্থতার,1
অ্যাকাউন্টিং,1
ইনফরমেশন,1
সিস্টেমস,1
মোশাহিদা,1
অবকাঠামোগুলো,1
হাঁটতে,1
বাপ্পী,1
মানসুরা,1
আইপিজিএডির,1
১০৩টি,1
স্পট,1
ছয়টির,1
আরামকোর,1
স্বল্পমেয়াদে,1
১০৯টি,1
৮৬টি,1
১৩টি,1
১৭টির,1
হানা,1
থানির,1
জ্বালানিনিরাপত্তা,1
ইউরো,1
প্রণালিকে,1
বাংলাদেশও,1
প্রথমভাগ,1
গড়িয়েছে,1
খনিজসম্পদ,1
জ্বালানিনিরাপত্তার,1
বহুমুখী,1
স্থলভাগেও,1
ইউএসএ,1
এলএলসির,1
চাইবে,1
আইএসও,1
বাছাইয়ের,1
আমদানিরও,1
রপ্তানিকারকদের,1
অ্যাঙ্গোলা,1
ক্রয়পদ্ধতি,1
ঝেনইউ,1
শিপিং,1
পেট্রোনাস,1
রানজে,1
হোল্ডিংস,1
ডারাব,1
ইনকরপোরেটেড,1
১১৬টি,1
অংশই,1
মধ্যপ্রাচ্যনির্ভর,1
ঝুঁকিটাও,1
যুক্তরাষ্ট্রও,1
বহুমুখীকরণকে,1
ভূঞার,1
হুদা,1
মোশতাক,1
ইনডেমনিটি,1
অর্ডিন্যান্স,1
অধ্যাদেশকে,1
লোককে,1
আর্মি,1
টেকনোলজি,1
খুলনাতে,1
এক্সাম,1
কন্ট্রোলার,1
২৮তম,1
বিএমএ,1
লংকোর্সের,1
কোরে,1
এডিজি,1
জানুয়ারির,1
রাত্রে,1
মাইক্রোবাস,1
কুশল,1
পেছেন,1
মাইক্রোবাসটিও,1
পৌঁছান,1
ঢুকিয়ে,1
সুকানি,1
মাপতে,1
আরপিএম,1
মাপছিলেন,1
দেহটি,1
সিমেন্টভর্তি,1
বস্তাসহ,1
ঘুরিয়ে,1
চরদুয়ানীর,1
চরদুয়ানীতে,1
মাইক্রোবাসে,1
পথিমধ্যে,1
নীরব,1
এরা,1
অভিযানকে,1
জানলাম,1
দুশ্চিন্তা,1
ব্যাটালিয়নে,1
অধিনায়ককে,1
হলাম,1
শুনেছ,1
সাধ্যমতো,1
হেডকোয়ার্টারে,1
দরখাস্ত,1
এলপিআরে,1
ডায়াসে,1
মিসিং,1
চিলড্রেন,1
বেদনা,1
অপরজনকেও,1
ডুকরে,1
ফেলছিলেন,1
প্ল্যাকার্ড,1
রাজন,1
ভ্যানে,1
ফুটেজে,1
রূপাকে,1
হেঁটে,1
মরে,1
একমুহূর্ত,1
সরিষা,1
প্রেমটিয়া,1
খুঁজেও,1
কবিরাজ,1
জিন,1
নামায়,1
তহুরা,1
নবাবগঞ্জের,1
তোহা,1
আদনানকে,1
লামিয়া,1
কোলে,1
লামিয়াকে,1
যমজ,1
টিকটকে,1
মেয়েটি,1
ধামরাইয়ের,1
মুক্তিপণের,1
মানতাশাকে,1
আকুল,1
বাবাও,1
পূর্বশত্রুতার,1
জেরে,1
আশফিয়াকে,1
টঙ্গীতে,1
পপকর্ন,1
ট্রেনে,1
শোকে,1
শামসুন্নাহার,1
পুবাইলে,1
আশ্রয়কেন্দ্রে,1
ডায়েরির,1
৪১৪টি,1
৫৫০টি,1
৭১৭টি,1
জুমার,1
নামাজ,1
টিয়ার,1
শেল,1
সাউন্ড,1
ছররা,1
ছুড়েছিল,1
মুসল্লিরা,1
নামলে,1
দুজনসহ,1
মাদ্রাসাছাত্র,1
প্রত্যক্ষদর্শী,1
মাদ্রাসারই,1
শিক্ষকতা,1
কাজলায়,1
৮টার,1
মাদ্রাসাশিক্ষার্থী,1
ফ্লাইওভারের,1
আলেম,1
অস্ত্রে,1
সজ্জিত,1
মারমুখী,1
আলিঙ্গনের,1
ওয়ারীর,1
মোবাইলে,1
গোলাগুলি,1
আলেমসহ,1
লাইনসের,1
ময়নাল,1
ভূঁইয়ার,1
আদমজী,1
এমডব্লিউ,1
শাহদাত,1
কন্টিনেন্টাল,1
কমিউনিকেশনস,1
প্লাবন,1
গঙ্গোপাধ্যায়,1
হৃদ্রোগে,1
ইনডিপেনডেন্ট,1
আইইউবি,1
অর্ক,1
আছর,1
রায়েরবাজারে,1
চিকিৎসাশাস্ত্রে,1
নিপসম,1
বোস্টন,1
বইটির,1
সম্পাদনা,1
অক্সফোর্ড,1
দুর্নীতিবিষয়ক,1
মুজিবপিডিয়া,1
য়,1
শাহাদুজ্জামানের,1
গবেষণাকাজ,1
স্যানিটেশন,1
সজ্জন,1
সদালাপী,1
ওয়াশ,1
খাতসহ,1
কলাম,1
লিখতেন,1
বাংলাদেশীয়,1
হাসিন,1
বারডেমের,1
মরচুয়ারিতে,1
মির্জাপুর,1
শুভেচ্ছাবার্তা,1
ব্যস্ততার,1
হেসে,1
বাধাবিপত্তি,1
ডাক্তার,1
মেডিকেলে,1
পরেরবার,1
ভালোই,1
দোটানার,1
জুনিয়রদের,1
মানিয়ে,1
পারছিলেন,1
বক্কর,1
চেম্বারে,1
নিতেন,1
বক্করের,1
সচ্ছলতা,1
টানাটানির,1
উপাধ্যক্ষের,1
টাবলু,1
ওয়েলফেয়ার,1
বিরতি,1
শিক্ষার্থীসহ,1
নবীন,1
স্টেথোস্কোপ,1
স্টেথোস্কোপটি,1
সহপাঠী,1
ইন্টার্নশিপের,1
সাইকিয়াট্রি,1
বিদ্যায়,1
স্বাস্থ্যসংক্রান্ত,1
সম্পাদকের,1
কিডনি,1
ভাতে,1
ইচ্ছাশক্তিকে,1
ছিলই,1
পড়াশোনাকালে,1
মেন্টরশিপ,1
দূরের,1
রকমারি,1
গীতালি,1
সৈনিক,1
ভাইদের,1
দুর্বার,1
ঘোষণায়,1
শফি,1
৭টায়,1
দর্পণ,1
প্রযোজনায়,1
সিনেমার,1
শ্রোতাদের,1
চিঠিপত্রের,1
বিহঙ্গ,1
আরিফ,1
প্রজ্ঞা,1
লাবণী,1
ধারাভাষ্যও,1
ধারাভাষ্য,1
কাফি,1
খবরেও,1
শুনেছি,1
আলোড়িত,1
মাধুর্য,1
বেতারে,1
জেগেছিল,1
বুঝিনি,1
কণ্ঠও,1
জাগাতে,1
কণ্ঠই,1
ফিলিপস,1
গোনা,1
পাড়ারই,1
নামলেই,1
বসত,1
চুপচাপ,1
শুনত,1
কল্পনায়,1
জসীমউদ্দীনের,1
মধুমালা,1
বেদের,1
রেডিওতে,1
খবরটি,1
পূর্ণিমার,1
জোছনায়,1
উঠান,1
মানুষে,1
পাটি,1
বিছিয়ে,1
বসার,1
উঠানটাই,1
বিচিত্রা,1
শুনতেন,1
একটানা,1
ভুলতে,1
রেডিওর,1
বুঝলাম,1
অন্ধকারে,1
উঠলাম,1
ভোঁ,1
দৌড়,1
পিছু,1
নিলাম,1
চোরের,1
গেছি,1
কান্নাকাটি,1
জ্বরে,1
গিয়েছিলি,1
অবাক,1
ছেলেটিই,1
ভয়েই,1
ক্ষমা,1
রেডিওটা,1
শব্দটি,1
মায়াময়,1
জোছনা,1
কালিহাতী,1
শাজাহান,1
সিরাজ,1
দেখো,1
গড়ো,1
পৃষ্ঠপোষকতায়,1
উত্তীর্ণ,1
সর্বোচ্চসংখ্যক,1
আটজন,1
মৃতের,1
সোমবারের,1
ডেঙ্গুবিষয়ক,1
আটজনের,1
মাসভিত্তিক,1
বরাবরই,1
বাড়িঘর,1
শুভানুধ্যায়ীদের,1
হেলথকেয়ার,1
আমিরাতসহ,1
বহির্বিভাগ,1
অন্তর্বিভাগ,1
নির্মাণসংক্রান্ত,1
রানাসহ,1
উপস্থাপনে,1
তারিকুল,1
নকশাবহির্ভূতভাবে,1
বাবাসহ,1
আটজনকে,1
ছয়তলা,1
ভবনটিতে,1
তলা,1
বিডিবিএল,1
রিফর্ম,1
এফএসডিএস,1
আন্তকার্যক্ষমতা,1
ইন্টারঅপারেবিলিটি,1
আদান,1
প্রদানেও,1
ভারতকে,1
আকবরের,1
ঝাঁপিয়ে,1
বন্ধুরাষ্ট্র,1
পরিষদে,1
দৃঢ়ভাবে,1
সমষ্টিগত,1
কৌশলগতভাবে,1
হুজুগে,1
হাইপ,1
প্যাক্টে,1
বিরোধিতাকারীদের,1
ন্যাটোর,1
টানছেন,1
সদস্যদেশের,1
আর্টিকেল,1
সদস্যদেশ,1
ড্যানিলোউইজ,1
রাষ্ট্রবিজ্ঞানী,1
রিফর্মের,1
সহসমন্বয়ক,1
মাশরুর,1
নিউইয়র্কসহ,1
সফরটি,1
সান,1
ফ্রান্সিসকো,1
সফরসঙ্গীদের,1
তালিকাও,1
কৃচ্ছ্রসাধনের,1
মহামারি,1
সমুদ্রপৃষ্ঠের,1
উচ্চতা,1
নিরস্ত্রীকরণ,1
সমস্যাসহ,1
নৈশভোজে,1
রোকনুজ্জামানের,1
দুর্নীতিপরায়ণতার,1
কর্মকমিশন,1
গুরুদণ্ড,1
অস্ট্রেলিয়াপ্রবাসী,1
অনুপস্থিতিকাল,1
বরখাস্তের,1
হোয়াটসঅ্যাপ,1
মেইলে,1
জিজ্ঞাসাবাদে,1
আদালতপাড়ায়,1
কনস্যুলেটে,1
ভিসাসেবা,1
অ্যাপয়েন্টমেন্টের,1
সময়সূচিতে,1
বিশ্লেষকদের,1
১০সির,1
যুদ্ধবিমানের,1
১০সিই,1
পশ্চিমের,1
সমীকরণটা,1
কাটাকাটি,1
সংঘর্ষে,1
গড়ায়,1
খেলোয়াড়দের,1
বৈভব,1
সূর্যবংশী,1
যশস্বী,1
জয়সোয়ালের,1
আলোচনাই,1
সুপারহিট,1
হরর,1
রাজ,1
অভিনেত্রীই,1
হেমায়েতপুর,1
দাসেরকান্দি,1
বাড়াবে,1
গণপরিবহনটির,1
জনসাধারণকে,1
গণপরিবহনসেবা,1
সামর্থ্যের,1
গরিবের,1
গরিবদের,1
চড়তে,1
গুনতে,1
বাসেই,1
দূরত্বে,1
শীতাতপনিয়ন্ত্রিত,1
গণপরিবহনের,1
সামঞ্জস্যপূর্ণও,1
একনেকে,1
ট্রেন,1
পথটির,1
গতকালের,1
প্রস্তাবসংবলিত,1
উঠত,1
অনিরীক্ষিত,1
প্রভিশনাল,1
যাত্রীভাড়া,1
দোকানভাড়া,1
বিজ্ঞাপনসহ,1
বিদ্যুৎসহ,1
কিস্তিতে,1
কিস্তির,1
পরিমাণও,1
গ্রেস,1
পিরিয়ড,1
আকারে,1
সুদসহ,1
ঠিকাদারেরা,1
পাতালপথ,1
জয়েন্ট,1
কষাকষি,1
বদনামে,1
এমনটাও,1
নিঃসন্দেহে,1
ভার,1
পথটি,1
ঠিকাদারও,1
তদারকের,1
ইয়েনে,1
ডলারে,1
ভূমিকাও,1
গর্ভধারণের,1
গর্ভধারণ,1
হাজারতম,1
দিনকে,1
জানালা,1
স্নেহ,1
মমতা,1
এগুলোই,1
রিপ্রেজেন্টেটিভ,1
মালালা,1
আহমাদজাই,1
১০টির,1
৩টির,1
বিন্দু,1
বিশ্বব্যাংক,1
সেবাগুলো,1
পুষ্টিবিশেষজ্ঞ,1
ভোলার,1
বোরহানউদ্দিন,1
দৌলতখান,1
কালীগঞ্জ,1
শ্যামনগর,1
স্বাস্থ্যকেন্দ্র,1
মাঠকর্মীদের,1
১৫৪টি,1
কর্নার,1
নানির,1
ভাইবোনের,1
চাচির,1
মায়েদের,1
আদর,1
অরক্ষিত,1
শিশুমৃত্যুর,1
সূচকের,1
পেশি,1
ক্যাডমিয়াম,1
সিসা,1
মার্কারি,1
আর্সেনিকের,1
ধাতু,1
অন্তরায়,1
জনবলও,1
অপুষ্টির,1
উদ্ধৃতি,1
অপরাধপ্রবণতা,1
সহায়তাও,1
জনজীবনে,1
পাওয়াসহ,1
সৌরশক্তি,1
হ্রাস,1
প্রমোশন,1
প্রটেকশন,1
হংকং,1
বিনিয়োগকারীদের,1
টেক্সটাইলসহ,1
সম্পর্ককে,1
আকর্ষণে,1
শিল্পায়ন,1
ফেলবে,1
থামেনি,1
রিসোর্সেস,1
ফুলবাড়ীর,1
রিসোর্সের,1
প্রতিবেদনেই,1
বিএইচপির,1
দিনাজপুরে,1
কয়লাসম্পদ,1
অস্তিত্ব,1
বিএইচপি,1
বিএমডির,1
রপ্তানির,1
বিডিআরের,1
এনার্জিকে,1
মাইনিং,1
সম্পন্নের,1
মেয়াদকে,1
বিভ্রান্তির,1
কয়লাখনি,1
অলটারনেটিভ,1
এআইএম,1
রিসোর্স,1
এক্সচেঞ্জে,1
কোম্পানিটি,1
ধরছে,1
নিম্নমুখী,1
চায়নাকে,1
চায়নার,1
জিসিএমের,1
আনু,1
পেলেই,1
দায়িত্বহীনতা,1
ভঙ্গের,1
বিরোধীদের,1
মৃত্যুবরণ,1
সামষ্টিক,1
সুনির্দিষ্টভাবে,1
প্রাণরসায়ন,1
ছাত্রসংঘে,1
অনুগত,1
আলবদর,1
হারায়,1
রাষ্ট্রক্ষমতায়,1
ছাত্রশিবির,1
আত্মপ্রকাশ,1
উত্তরসূরি,1
মতবিরোধ,1
শিক্ষানীতির,1
হাননানের,1
সেদিনের,1
মতিয়া,1
রাখছিলেন,1
কায়েম,1
পরস্পর,1
মাইকে,1
বিক্ষোভকারীদের,1
লাঠিসোঁটা,1
অনাহূত,1
কলাভবনের,1
ডিনের,1
সংঘর্ষস্থলে,1
পৌঁছালে,1
ছাত্রনেতারা,1
গুন্ডা,1
দের,1
পণ্ড,1
চক্রান্তের,1
দুশমন,1
ছাত্রছাত্রী,1
প্রতিবাদকারী,1
ছোড়াছুড়ি,1
ছোটাছুটি,1
মালেককে,1
বামপন্থী,1
হট্টগোলের,1
প্রকারান্তরে,1
বক্তার,1
জানাচ্ছিলেন,1
ইঙ্গিতে,1
কিছুসংখ্যক,1
গোলযোগ,1
শোকবাণী,1
শোকসভার,1
ছাড়লে,1
ইয়াহিয়া,1
প্রপোজালস,1
এডুকেশনাল,1
জনমত,1
শিক্ষাব্যবস্থাকে,1
ইসলামিয়াত,1
দ্বীনিয়াত,1
অমুসলিম,1
ইসলামপন্থী,1
গোষ্ঠীগুলো,1
গুরুত্বকে,1
সংখ্যাগরিষ্ঠ,1
শিক্ষাব্যবস্থায়,1
বাম,1
প্রগতিশীল,1
ছাত্রগোষ্ঠী,1
গণমুখী,1
বিজ্ঞানভিত্তিক,1
মাতৃভাষায়,1
পরিচয়কে,1
থাকেনি,1
রাষ্ট্রচিন্তা,1
ছাত্রশিবিরও,1
স্মৃতিকে,1
আগস্টকে,1
ইতিহাসই,1
বিন্যাসে,1
ধরতেই,1
ছবিগুলো,1
ব্রুকলিনে,1
দুর্বৃত্তের,1
জোগানদাতা,1
ঘাতক,1
ব্রঙ্কসের,1
মুদিদোকানের,1
ব্রাউনসভিলের,1
রকঅ্যাওয়ে,1
উইংস,1
পিৎজা,1
সহকর্মীও,1
লাগলেও,1
বন্ধুও,1
সচ্ছল,1
উপার্জনকারী,1
অপূরণীয়,1
উপার্জিত,1
পাঠাতেন,1
রেস্তোরাঁয়,1
ক্লোজড,1
সার্কিট,1
রেস্তোরাঁটি,1
ঢুকতে,1
পেরেছিল,1
বন্দুকধারীকে,1
সহকর্মী,1
লাগত,1
রেস্তোরাঁটিতে,1
ঢুকেছিল,1
খোয়া,1
ব্রুকডেল,1
সন্দেহভাজন,1
জেসাস,1
অ্যাকোস্তার,1
সাবওয়ে,1
রেলস্টেশন,1
সচরাচর,1
প্রহর,1
মট,1
হ্যাভেনের,1
অ্যাকোস্তা,1
লিঙ্কন,1
বৃক্ষরোপণের,1
উপপ্রেস,1
আত্মীয়স্বজনের,1
জন্মদিনসহ,1
সংস্কৃতিও,1
পরিবেশও,1
মানুষকেই,1
ফেললে,1
নাগরিকেরাই,1
প্রতিরোধেও,1
আহ্বানে,1
নামাজের,1
সায়েদুর,1
রহমানকেও,1
একাডেমি,1
বিপিএ,1
সারদার,1
বিপিএর,1
অধ্যক্ষের,1
রেঞ্জে,1
মুসলিমকে,1
রাজারবাগের,1
তানজিলুর,1
কাঁদলেন,1
পদপ্রার্থী,1
সংস্থাগুলো,1
ইউএই,1
ইসরায়েলি,1
গাজায়,1
গণহত্যার,1
ইচ্ছার,1
হাকান,1
ফিদান,1
জেতেনি,1
আয়নাও,1
আভাসও,1
আভাসে,1
দাগি,1
অভিনয়ের,1
মিটিংও,1
এগোননি,1
ঢালিউড,1
তমা,1
লেডি,1
ট্রাম্পকে,1
প্রসিডিংয়ে,1
আরোপের,1
খোকনের,1
সিরিয়াসলি,1
ডিল,1
কাজি,1
পূর্বে,1
রিজেক্ট,1
নয়টার,1
অবতারণা,1
সবকিছুতে,1
ওনাদের,1
সিরিয়াস,1
ইতিপূর্বের,1
অপ্রত্যাশিতভাবে,1
ইনকাম,1
লাইটলি,1
তারপরে,1
মিন,1
অ্যাবসলিউটলি,1
অবমাননার,1
ব্যবস্থাসহ,1
গণমাধ্যমসহ,1
সম্প্রতিক,1
দিবসটি,1
দিবসে,1
স্বৈরতান্ত্রিক,1
সংঘাতপূর্ণ,1
ভিন্নমতের,1
নির্দয়,1
পরাজিত,1
বন্দিখানা,1
জনপরিসরে,1
বিতাড়িত,1
মর্মস্পর্শী,1
বিলগুলো,1
যথানিয়মে,1
সাধ,1
আকাঙ্ক্ষার,1
অনিশ্চিত,1
সৌভাগ্যবান,1
মেলেনি,1
আইসিসির,1
রোম,1
গুমকে,1
সংজ্ঞায়িত,1
দৃষ্টান্তমূলক,1
ডিজঅ্যাপিয়ারেন্সের,1
বিশ্ববিবেককে,1
পালিত,1
দিবসটির,1
ভিকটিমস,1
অ্যাকশনস,1
মনুষ্যত্বহীন,1
বিচারসহ,1
দুনিয়াজুড়ে,1
সংহতির,1
মধ্যবর্তী,1
বাহিনীও,1
উদ্ধারকর্মীর,1
পরিহিত,1
কার্যক্রমও,1
যোগযোগমাধ্যমে,1
যায,1
পোশাকেও,1
ধরণের,1
সামাজিকযোগাযোগ,1
বন্যাকবলিত,1
আজাব,1
ক্যাপশনগুলো,1
রকমফের,1
এক্সেও,1
অ্যাকাউন্টটির,1
বায়োতে,1
চুই,1
ভিডিওগুলোতেও,1
ইউনিফর্ম,1
উপত্যকায়,1
চলছিল,1
প্রার্থনা,1
সংবাদমাধ্যমের,1
উদ্ধারকারীরা,1
মেয়েটির,1
ছেলেটির,1
মরদেহও,1
বুদ্ধমূর্তি,1
বিপর্যয়কর,1
ধ্বংসাত্মক,1
গৌতম,1
বুদ্ধের,1
প্রতিবিম্ব,1
অটল,1
অলৌকিক,1
দক্ষিণাঞ্চলের,1
মূর্তির,1
সবকিছুতেই,1
বৃষ্টিতে,1
ভূমিধস,1
সিমালতাল,1
ভূমিধসে,1
নারায়ণগড়ের,1
বুদ্ধমূর্তিটির,1
পাদদেশে,1
কান্তিপুর,1
ডেইলির,1
পৌডেলের,1
অ্যাকাউন্টেও,1
স্থানগত,1
সরলরেখায়,1
ভোটেকোশি,1
ত্রিশূলী,1
বিপর্যয়,1
ঘটেছিল,1
উজানের,1
মহাপ্লাবনের,1
দাওয়াহ,1
পোস্টও,1
ম্যাপে,1
রিয়াদে,1
গাজওয়া,1
মুতাইরি,1
পলিসিস,1
কনসালটিং,1
অপপ্রয়োগটা,1
সরাতে,1
লঙ্ঘিত,1
কাছেও,1
দায়বদ্ধ,1
নীতিনির্ধারণের,1
উপস্থাপনাও,1
আইনসহ,1
আলোচ্যসূচি,1
সম্প্রচারের,1
বর,1
বাধ্যতামূলকভাবে,1
বরের,1
সালিসি,1
অনুমতির,1
তালাক,1
বৈবাহিক,1
বিবাহবন্ধনে,1
গ্রহণকারী,1
তথ্যভিত্তিক,1
অধিকারও,1
মহাপরিদর্শককে,1
গৌরবোজ্জ্বল,1
সাঁটানো,1
আমৃত্যু,1
দণ্ডপ্রাপ্ত,1
টাঙিয়েছেন,1
বায়ান্নর,1
চুয়ান্নর,1
যুক্তফ্রন্ট,1
ছেষট্টি,1
আটষট্টির,1
আগরতলা,1
উনসত্তরের,1
ছবিতেই,1
উর্দুকে,1
রাষ্ট্রভাষা,1
লাহোরে,1
নিখিল,1
দলগত,1
তৃতীয়টি,1
ভাসানী,1
জিয়াসহ,1
ছবিসংবলিত,1
বাঁধাই,1
চুয়াত্তরের,1
দুর্ভিক্ষের,1
সংগ্রহশালার,1
আন্দোলনবিষয়ক,1
ফ্যাসিবাদের,1
আইকনের,1
কমান্ডারদের,1
আর্টওয়ার্কও,1
ক্যাপশন,1
ছবিটি,1
ছবিই,1
ফাঁসির,1
কবিতাসহ,1
সংগঠক,1
পিয়ারু,1
সরদারের,1
সেক্টরের,1
হানাদার,1
আত্মসমর্পণের,1
বুদ্ধিজীবীর,1
মুখাবয়ব,1
বীরশ্রেষ্ঠের,1
মুক্তিযুদ্ধে,1
খোদাই,1
বঙ্গবন্ধুও,1
পেপারের,1
এরশাদবিরোধী,1
নিপাত,1
পাক,1
আইকনিক,1
আসাদকে,1
যাওয়াসহ,1
হুমায়ূন,1
ফজলসহ,1
সাহিত্যিকদের,1
ইনকিলাব,1
মঞ্চের,1
হাদির,1
কবরের,1
দাফনের,1
ড্যাশবোর্ডে,1
নুরের,1
বিজয়ীর,1
রাব্বানী,1
রব্বানীর,1
পর্যন্তে,1
নাহিদকে,1
চাঞ্চল্যকর,1
ভিডিওটিতে,1
ফুটেজও,1
শোর,1
ওয়াকিটকি,1
তদারককারী,1
স্বার্থরক্ষায়,1
দাবিও,1
ফের,1
আইসিবি,1
প্রবাসীরা,1
প্রবাসীদের,1
হাইকমিশনগুলোকে,1
রেমিট্যান্সের,1
ঘামের,1
এজেন্সিগুলোকে,1
মঞ্জু,1
ফুয়াদ,1
সিন্ডিকেটকে,1
সরকারনির্ধারিত,1
মধ্যস্থতাকারীদের,1
তালিকাভুক্তি,1
যুব,1
ভুঁইয়াসহ,1
টিম,1
ঝুঁকিকে,1
উড়িয়ে,1
পরিচয়পত্রটির,1
ইউনিফায়েড,1
কাউন্সিল,1
সময়কাল,1
জন্মনিবন্ধনের,1
কার্ডগুলোর,1
সমন্বয়হীনতা,1
এস্তোনিয়া,1
ভারতসহ,1
ধারণার,1
ওয়ালেট,1
পরিচয়পত্রে,1
জনশুমারির,1
পলিকার্বোনেট,1
বিতরণে,1
টিআইএনের,1
তথ্যভান্ডারগুলোর,1
আন্তসংযোগ,1
অর্থসংকটের,1
অর্থসংকট,1
পরিচয়পত্রকে,1
সুহাদা,1
পাইলটিং,1
ভেহিকলে,1
হালাল,1
ফুডসহ,1
অটোমোবাইল,1
প্রত্যয়ন,1
নীতিমালায়,1
রিচার্জ,1
রিচার্জের,1
পয়েন্টেরও,1
কারখানাগুলোরও,1
সমস্যাসংক্রান্ত,1
পলিসিস্টিক,1
সিনড্রোমকে,1
পলিএন্ডোক্রাইন,1
ওভারিয়াস,1
সিনড্রোম,1
রোগটির,1
চিকিৎসাপদ্ধতি,1
স্যামসন,1
ফার্টিলিটি,1
স্টেরিলিটি,1
এফএসএসবি,1
অ্যান্ড্রোজেন,1
রক্তচাপ,1
ঝুঁকিগুলোকে,1
প্রকাশনার,1
ক্লিনিকাল,1
রিভিউগুলোতে,1
স্বাস্থ্যব্যবস্থায়,1
গাইডলাইন,1
অবস্টেট্রিক্যাল,1
গাইনোকোলজিক্যাল,1
ওজিএসবি,1
আনোয়ারা,1
প্রেসক্রিপশন,1
লিখেছে,1
ভীষণ,1
সিস্টের,1
অস্ত্রোপচারকেন্দ্রিক,1
মানসিকতায়,1
প্রয়োগটা,1
যাপনের,1
শরীরচর্চার,1
এন্ডোক্রাইনোলজিস্ট,1
ডায়াবেটোলজিস্ট,1
এসিইডিবি,1
বিইএস,1
আফসানা,1
প্রিডায়াবেটিস,1
স্ট্রোকে,1
লিভার,1
ব্র্যান্ডগুলোর,1
এসকেএফের,1
কামরুজ্জামান,1
প্রোডাক্ট,1
প্ল্যান্টে,1
প্রেসক্রিপশনের,1
ওষুধগুলো,1
মাতৃত্বের,1
ফিরোজা,1
তানজিম,1
মেম্বার,1
সেমিনারটি,1
নিয়োগে,1
আমানতকারীদের,1
হেয়ারকাট,1
আমানতকারীরা,1
১০সি,1
ফিফার,1
নিয়মকানুনের,1
ম্যাচটি,1
সংশয়,1
স্কট,1
বেসেন্ট,1
একগুচ্ছ,1
আউটকাস্ট,1
নৌযানকে,1
পরোক্ষ,1
সেকেন্ডারি,1
স্যাংশন,1
গণমাধ্যমকর্মী,1
প্রযুক্তিবিদ,1
মতপ্রকাশকে,1
সমালোচিত,1
মানহানির,1
অবমাননা,1
শব্দের,1
বিভ্রান্তিকর,1
ব্যাখ্যার,1
প্রমাণের,1
জনসম্পৃক্ততা,1
জনপরামর্শের,1
সুরক্ষাকে,1
দায়বদ্ধতাও,1
চেষ্টাকে,1
পুনর্বিবেচনার,1
স্বাস্থ্যবিশেষজ্ঞরা,1
ইউনিটিতে,1
আলোচকেরা,1
এইচআরডিসি,1
স্টিগমা,1
কলঙ্ক,1
স্বাস্থ্যসহায়তার,1
আধুনিকায়ন,1
শক্তিশালীকরণ,1
কমিউনিটিভিত্তিক,1
টেলি,1
ইটস,1
গুড,1
লিড,1
সাইকিয়াট্রিস্ট,1
সায়েদুল,1
সাইদ,1
পৌঁছাতে,1
স্বাস্থ্যসহায়তা,1
সাইকোলজি,1
সাইফুন,1
ক্রিমিনালাইজ,1
আঘাতমূলক,1
শব্দও,1
ঠেলে,1
গওহর,1
সহানুভূতিশীল,1
ইনসাইট,1
নওফল,1
বিষয়গুলোও,1
কারেন্ট,1
অ্যাফেয়ার্স,1
সায়েমের,1
তানসেন,1
এইচআরডিসির,1
মাহবুল,1
জার্মানিসহ,1
আশ্রয়প্রার্থীদের,1
ফরাসি,1
বিবৃতিটি,1
ডেনমার্ক,1
আয়ারল্যান্ড,1
কসভো,1
নেদারল্যান্ডস,1
স্পেন,1
সুইডেন,1
গণহারে,1
পেরিয়েছে,1
বাস্তুচ্যুতি,1
দুর্ভোগের,1
উদারতা,1
কৃতজ্ঞ,1
নিরাপত্তাহীনতা,1
অবকাঠামোর,1
ভূমিতে,1
কারণগুলো,1
ফেরাতে,1
সম্প্রদায়,1
থাকব,1
আত্মনির্ভরশীলতা,1
জনগোষ্ঠীকেও,1
মেলবন্ধনে,1
ব্রহ্মচারীর,1
প্রনবানন্দ,1
মহারাজ,1
টনি,1
জাগো,1
ধর্মাবলম্বী,1
উৎকণ্ঠা,1
দৃষ্টি,1
হাজতবাসের,1
উদ্ঘাটিত,1
পরিবেশদূষণ,1
নিয়ন্ত্রণবিষয়ক,1
বায়ুপ্রবাহে,1
যানবাহনে,1
উৎপাদনকারীদের,1
নিবন্ধনই,1
মোটরসাইকেলচালক,1
মানেন,1
বিআরটিএর,1
এটাও,1
মোটরসের,1
অ্যাসেম্বলার্স,1
ম্যানুফ্যাকচারার্স,1
আকৃতি,1
সাইজে,1
মডিফাই,1
গতির,1
কেঁপে,1
হেডলাইটের,1
রেডিয়েটরের,1
ইঞ্জিনে,1
পরীক্ষামূলকভাবে,1
সফটওয়্যারের,1
ডিজিটালভাবে,1
গণবিজ্ঞপ্তির,1
মোড়গুলোয়,1
পিটিজেড,1
বস্তু,1
ক্যামেরাভিত্তিক,1
আইডেন্টিফিকেশন,1
দেওয়াকেই,1
বসালেও,1
সিসিটিভির,1
অসুবিধাটা,1
কন্ডিশনে,1
প্রযুক্তিই,1
উইন্ডস্ক্রিনে,1
ঢেকে,1
ওয়েভ,1
তরঙ্গকে,1
তরঙ্গের,1
ট্যাগের,1
নিয়ন্ত্রণসহ,1
উইন্ডশিল্ড,1
ট্যাগে,1
নম্বরটি,1
প্রবেশপথে,1
ইউনিক,1
রেকর্ডও,1
সামনেও,1
রাফিজুল,1
সাজাপ্রাপ্ত,1
নাকচের,1
দোহা,1
কাশিমপুর,1
সিদ্দিকসহ,1
টিউলিপের,1
পার্লামেন্ট,1
মোশাররফের,1
হাউজিং,1
লিউঝু,1
কোং,1
মোবিলিটি,1
অ্যারিয়াল,1
জমকালো,1
ফোরথিংয়ে,1
ডিলার,1
ফ্লিট,1
গণমাধ্যমকর্মীরা,1
খুঁটিনাটি,1
ভাবনারই,1
বুদ্ধিদীপ্ত,1
মানদণ্ডসম্পন্ন,1
অভিষেক,1
আগ্রহই,1
জামালপুরের,1
ইসমাইল,1
পৌঁছাবেন,1
খুলশী,1
আমবাগান,1
কলোনিসংলগ্ন,1
হিজড়া,1
কলোনির,1
মৌসুমীর,1
জখমের,1
মোতায়েনসহ,1
বন্দরে,1
নোঙর,1
বিমানবাহী,1
রণতরি,1
ইউএসএস,1
আব্রাহাম,1
মাতাল,1
মারামারির,1
সেনাকে,1
জাহাজে,1
খেলে,1
দেনা,1
ভাড়াটে,1
পাখির,1
সবখানেই,1
কাটিমন,1
অসময়ের,1
নাগালের,1
মানভেদে,1
কাটিমনের,1
আগ্রাসী,1
প্রজাতি,1
উঠবে,1
দেখবেন,1
পডকাস্ট,1
পেশাগতভাবে,1
সালকে,1
পড়ছিলাম,1
সমস্যাকে,1
পেয়েছিলাম,1
সংগ্রাহক,1
মধ্যস্বত্বভোগীরাই,1
প্রজন্মও,1
হারাতে,1
ব্লকচেইন,1
প্রযুক্তিকে,1
অংশীজন,1
অনুসরণযোগ্য,1
ব্লকচেইনভিত্তিক,1
অনুসরণযোগ্যতা,1
প্রযুক্তিগতভাবে,1
শিখেছি,1
এগোচ্ছে,1
প্রক্রিয়াজাতকরণ,1
শ্রেণিবিন্যাসের,1
কৃষককে,1
নেটওয়ার্কে,1
শ্রেণিবিন্যাস,1
বাজারসংযোগ,1
মূল্যশৃঙ্খলই,1
ক্রেডিটের,1
সংযোজিত,1
অনুসরণে,1
মাসগুলোতে,1
অপ্রাপ্ততা,1
কিনা,1
ঘনীভূত,1
দেওয়ারও,1
পোলাও,1
চালের,1
সীমার,1
গুদামের,1
তাদেরই,1
দীর্ঘায়িত,1
৪০০টি,1
বেকার,1
অস্বাভাবিকভাবে,1
ম্যান্ডেট,1
অপ্রতুলতা,1
এড়ানোর,1
সিপিবি,1
জ্বালানিসম্পদ,1
উৎপাদনেরও,1
প্রিন্সের,1
ভুলনীতি,1
বন্ধেও,1
সিপিবির,1
ব্যক্তিগোষ্ঠীর,1
করারও,1
বাপেক্সসহ,1
শিল্পপ্রতিষ্ঠানের,1
ব্যবসাকে,1
স্বনির্ভরতা,1
অগ্রগতিতে,1
সন্তোষ,1
অংশীদারত্বকে,1
যুবরাজ,1
সালমানের,1
প্রসঙ্গটিও,1
কোম্পানিগুলোর,1
আগ্রহের,1
ভূমিকারও,1
পররাষ্ট্রমন্ত্রীকে,1
বিস্ফোরণ,1
কিশোরগঞ্জের,1
ভৈরবের,1
মেহেরপুরের,1
গাংনীর,1
কমপ্লেক্সটি,1
সিনোপ্যাক,1
পুড়ে,1
হোসেনও,1
শ্রমিককে,1
মস্কোর,1
পরিচর্যাকেন্দ্রে,1
চ্যান্সারি,1
উইংয়ের,1
পলিথিন,1
পলিপ্রোপিলিন,1
উৎপাদনকারী,1
কমপ্লেক্সটিতে,1
উপপররাষ্ট্রমন্ত্রী,1
মুসা,1
কুলাকলিকায়ার,1
শান্তিরক্ষা,1
মিশনে,1
শান্তিরক্ষার,1
স্বীকৃতিও,1
ভাতৃপ্রতিম,1
উপপররাষ্ট্রমন্ত্রীর,1
যুক্ততার,1
এটাতে,1
মাসকে,1
সক্রিয়ভাবে,1
দেশবাসীর,1
জনসচেতনতার,1
প্রশাসকেরা,1
বাহক,1
হত্যায়,1
শেখের,1
ভীষ্মদেব,1
রাশেদুজ্জামান,1
রাজার,1
শ্বশুর,1
আইনসংক্রান্ত,1
বিবিধ,1
বেঞ্চটি,1
পেপারবুক,1
আসামিপক্ষে,1
স্টেট,1
হাফিজুর,1
শয্যাবিশিষ্ট,1
হত্যাচেষ্টার,1
আলাউদ্দিন,1
মাগুরায়,1
শেখকে,1
মৃত্যুদণ্ডাদেশ,1
রায়সহ,1
যাবতীয়,1
নম্বরভুক্ত,1
গ্রহণযোগ্যতার,1
রোমে,1
মিলান,1
কনস্যুলেট,1
ধরবে,1
হামলাকারীরা,1
নোবেল,1
রুনা,1
ফ্রেন্ডশিপ,1
ম্যানিলায়,1
পুরস্কারজয়ীদের,1
স্বাস্থ্যে,1
৭৯তম,1
জেন্ডার,1
সূচকভেদে,1
সূচকটি,1
দেখায়,1
সিপিডির,1
সম্মাননীয়,1
অবনতির,1
১২তম,1
১৩৯তম,1
১৪২তম,1
ব্যবস্থাপকদের,1
কর্মজীবী,1
এফবিসিসিআইয়ের,1
কর্মপরিবেশে,1
সুযোগের,1
অনুমান,1
শহরকেন্দ্রিক,1
দলবদ্ধ,1
প্রবণতাও,1
১২৩তম,1
অনুপাতের,1
আয়ুতে,1
বাল্যবিবাহ,1
স্বাস্থ্যকর্মীর,1
জন্মে,1
মাতৃমৃত্যু,1
বেতনসহ,1
অভিভাবকত্বকালীন,1
বিবাহবিচ্ছেদের,1
অধিকারকে,1
প্রজননস্বাধীনতাকে,1
১১৯তম,1
ভুটান,1
১২১তম,1
১২৯তম,1
১৩১তম,1
১৪৩তম,1
ডব্লিউইএফের,1
পূর্বাভাস,1
আইসল্যান্ড,1
নামিবিয়া,1
চাদ,1
নাতনি,1
শরিয়ত,1
ইলিয়াছ,1
থাকল,1
প্রাপ্তবয়স্ক,1
শরিয়তের,1
নাক,1
কান,1
আদিলের,1
শাহাদাত,1
পিপি,1
ইভান,1
এজাহারভুক্ত,1
অন্যজন,1
রিমান্ডের,1
থানাধীন,1
শান্তিনগর,1
পপুলার,1
এগোনোর,1
চালককে,1
আসাদুরকে,1
ঘুষি,1
উপর্যুপরি,1
মাথাসহ,1
বাকিরা,1
ভুক্তভোগীকে,1
ইমনের,1
চাঁদার,1
ফ্যাক্টরের,1
এক্সিকিউভ,1
ডায়ালগ,1
আইনশৃঙ্ক্ষলা,1
বাহিনীরও,1
ঝাঁপ,1
কমিশনই,1
বর্ষাকাল,1
মহাপরিদর্শকের,1
কথাটি,1
ছেয়ে,1
স্বজনপ্রীতির,1
বিরুলিয়ায়,1
প্রতিনিধিকে,1
চুরমার,1
বেকারত্ব,1
বৈষম্যও,1
প্রশিক্ষণসহ,1
সুফলও,1
ব্যবসাসহ,1
ন্যায়নীতি,1
পৃষ্ঠপোষকতাভিত্তিক,1
অলিগার্কি,1
বললেই,1
কানেকটিং,1
বেটার,1
উন্নয়নকর্মী,1
পেশাজীবীরা,1
অনুষ্ঠেয়,1
রোহিঙ্গাবিষয়ক,1
বিমসটেকের,1
রাহাত,1
মর্মান্তিক,1
সেকশনগুলো,1
স্মৃতিচিহ্ন,1
আবেগাপ্লুত,1
অংশগুলো,1
বৃক্ষরোপণ,1
দলিলপত্রের,1
ব্রিফ,1
তুলি,1
স্নিগ্ধ,1
বঙ্গোপসাগরে,1
অগ্নিদুর্ঘটনার,1
বাকিটা,1
১২টায়ও,1
আগস্টেই,1
কার্গোগুলো,1
জর্ডানে,1
কমলেও,1
অঞ্জনা,1
সানজীদার,1
অভিজ্ঞতায়,1
অভিবাসনসংশ্লিষ্টরা,1
৮টায়,1
দাঁড়ানো,1
দুঃসহ,1
থাবা,1
বসেছিল,1
যাঁরাই,1
ভিন্নমত,1
স্তব্ধ,1
ফ্যাসিস্টের,1
আজ্ঞাবহ,1
সর্বদা,1
বশংবদ,1
পালাতে,1
প্রতিশোধ,1
প্রতিকারের,1
প্রিয়জনদের,1
স্বস্তি,1
ব্যক্তিস্বাধীনতা,1
অধিকারগুলোর,1
কটিকেই,1
ভূলুণ্ঠিত,1
ভয়ানক,1
ভীতিকর,1
বেদনাদায়ক,1
অধ্যায়,1
অত্যাচার,1
মাটিতেই,1
ইসলামীসহ,1
সুশীলসমাজ,1
সর্বস্তরের,1
পুনর্বাসনের,1
তুলির,1
শ্রদ্ধাভরে,1
প্রতিহিংসা,1
ভয়ের,1
আযম,1
সংসদবিষয়ক,1
ইশরাক,1
ঘটনাগুলোর,1
আইনানুযায়ী,1
তদবিরের,1
ডোসিয়ার,1
নির্দেশনাপত্র,1
নির্দেশনাপত্রে,1
দ্বারস্থ,1
জ্ঞাত,1
আয়বহির্ভূত,1
রেলপথমন্ত্রী,1
মুজিবুল,1
ফ্রিজ,1
পাপন,1
চৌদ্দগ্রামের,1
কালীগঞ্জের,1
টয়োটা,1
মার্কেন্টাইল,1
পূবালী,1
তদন্তকালে,1
রেকর্ডপত্র,1
বেহাত,1
তরিকুল,1
সাইকিয়াট্রিক,1
চিকিৎসাকেন্দ্রের,1
স্বাস্থ্যকে,1
কাউন্সেলিংয়ের,1
সেবাধারা,1
ফাইভ,1
ইয়ারস,1
হিলিং,1
মাইন্ডস,1
থেরাপিস্ট,1
প্রচেষ্টার,1
মোরশেদ,1
বিলাসিতা,1
বিকাশসেবা,1
পর্বত,1
অনুভূতির,1
রূপরেখা,1
হুইপকে,1
বণ্টনের,1
মাদকসহ,1
অবক্ষয়,1
হুইপদের,1
কার্যপ্রণালি,1
মৌলভীবাজারের,1
এ্যানিকে,1
মিল্লাতকে,1
দুলুকে,1
ঠাকুরগাঁও,1
আসাদুজ্জামানকে,1
তাহেরকে,1
বকুলকে,1
মানিকগঞ্জ,1
মুন্সিগঞ্জ,1
প্রুকে,1
মেহেরপুর,1
কুষ্টিয়া,1
ঝিনাইদহ,1
চাঁপাইনবাবগঞ্জ,1
রাঙামাটির,1
রশিদকে,1
রাজীব,1
পিরোজপুর,1
যশোর,1
জামালপুর,1
কায়সারকে,1
জয়পুরহাট,1
গউছকে,1
সুনামগঞ্জ,1
নূরুদ্দিন,1
নিজান,1
হুইপরা,1
দপ্তরগুলোকে,1
কর্মসূচিসহ,1
জনকল্যাণমূলক,1
ক্র্যাব,1
তরুণী,1
হাতিয়ে,1
ফাঁসও,1
প্রস্তাবও,1
হোস্টেলে,1
কফি,1
শপে,1
প্রশিক্ষণকেন্দ্রে,1
রেস্টহাউসে,1
কথামতো,1
টিপে,1
ডিবিতে,1
ট্রয়,1
মেইঙ্ক,1
মেরিল্যান্ডের,1
হারবারে,1
ফোর্সেস,1
ওল্ড,1
ট্র্যাফোর্ডে,1
ডার্বি,1
জয়সূচক,1
রেফারি,1
ভিএআর,1
স্ট্রাইকার,1
আর্লিং,1
হলান্ডের,1
রেফারিদের,1
প্রফেশনাল,1
গেম,1
অফিশিয়ালস,1
প্রো,1
রেফ,1
দার,1
নাজাত,1
সিরিয়ালটির,1
গল্পে,1
জামিল,1
দ্বিচারিতা,1
ক্রসফায়ার,1
সিআইডিতে,1
মোল্লাকে,1
দায়িত্বপত্র,1
জসিমকে,1
ফোর্সদের,1
কানাঘুষা,1
ক্রসফায়ারের,1
সাহেবের,1
উক্ত,1
চালচলনও,1
ফোর্সরা,1
রেফারেন্সে,1
চলতেন,1
রুমন,1
তারিকুজ্জামান,1
মাঝহারুল,1
বিবরণ,1
দোহারের,1
ডুবুরি,1
হাসানুজ্জামান,1
দোহার,1
বন্ধুকে,1
শাকিল,1
সেজান,1
নুরজামান,1
মোমিন,1
মারুফুল,1
রোকনুজ্জামান,1
মাকসুদ,1
কামালসহ,1
শামসুদ্দিন,1
সৈকত,1
নেতৃবৃন্দ,1
উপাচার্যসহ,1
অ্যাটেম্পট,1
অ্যাবেটমেন্ট,1
আদলে,1
ন,1
মিলন,1
ওঠেনি,1
দেশসহ,1
উপাচার্যদের,1
হায়ার,1
এডুকেশন,1
অ্যাকসিলারেশন,1
শিক্ষাকে,1
জিডিপির,1
ঢেলে,1
যেগুলো,1
মানসম্পন্ন,1
অগ্রাধিকারমূলক,1
কৌশলপত্রের,1
মতামতের,1
অধিবেশনগুলোতে,1
নিয়াজ,1
দুইজন,1
উপমহাপরিদর্শকসহ,1
সুপারকে,1
সংযুক্তি,1
আমীন,1
এপিবিএন,1
জব্বার,1
ভুঞা,1
রুবি,1
রোহানী,1
প্রোজ্জল,1
চাকমা,1
পাওয়াদের,1
নিয়োগপ্রত্যাশী,1
বিএনপিপন্থী,1
ব্যানারে,1
অনুবিভাগেরও,1
শৃঙ্খলাজনিত,1
চাপিয়েছে,1
প্রশাসকসহ,1
রিটার্নিং,1
ব্লু,1
ইকোনমি,1
মান্নান,1
চেয়ারম্যানের,1
হাবিবুন,1
সুরাইয়া,1
জাহানকে,1
আহসানুল,1
ইয়াসমিন,1
প্রেষণসহ,1
পদসংখ্যা,1
৫০২টি,1
আমলেও,1
আমলাদের,1
সময়ব্যাপী,1
ঢালাওভাবে,1
রাজনীতিকীকরণের,1
গণমুখিতা,1
নিরপেক্ষতার,1
অযোগ্যতা,1
অকার্যকারিতা,1
গোটা,1
গ্রাস,1
কল্যাণমুখী,1
প্রশাসনব্যবস্থা,1
পদোন্নতিতে,1
যোগ্যতাই,1
অন্যায়ভাবে,1
স্বাভাবিকের,1
ভারে,1
নুয়ে,1
হাঁটতেও,1
জ্বালাপোড়া,1
যন্ত্রণায়,1
ছটফট,1
ভূরুঙ্গামারী,1
ছাট,1
গোপালপুর,1
দম্পতির,1
পদার্থ,1
নিষ্কাশনের,1
সেরিব্রোস্পাইনাল,1
ফ্লুইড,1
সিএসএফ,1
মস্তিষ্ক,1
ফুফাতো,1
দফার,1
ছোটন,1
স্ট্যাটাস,1
অশোভন,1
মর্যাদাও,1
ফারহানার,1
ডিএজির,1
শিষ্টাচারবহির্ভূত,1
জিজ্ঞাসা,1
সন্তুষ্ট,1
সুপারসহ,1
নয়জন,1
এলাহীকে,1
তালেবুর,1
সিদ্দিকীকে,1
ওয়াহিদুল,1
জনই,1
কাউন্ট,1
কথোপকথন,1
সাদ্দামকে,1
সংঘটনে,1
লেলিয়ে,1
ইন্টারনেটের,1
ধীর,1
জ,1
নাছির,1
মহানগরের,1
নির্দেশনার,1
মুরাদপুর,1
রাজপথে,1
প্রতিরোধব্যবস্থা,1
প্রধানদের,1
গুলির,1
কথোপকথনে,1
অগ্নিসংযোগ,1
আনজুমসহ,1
মারণাস্ত্র,1
খালিদ,1
তৌহিদকে,1
ছত্রচ্ছায়ায়,1
বাংলামোটরে,1
নয়ন,1
রাকিব,1
গুলিস্তানে,1
রমজান,1
ইসমাঈল,1
চাঁনখারপুল,1
ইসমামুল,1
তেজগাঁওয়ের,1
মন্তব্যসহ,1
তকমা,1
আরাফাতের,1
রেলক্রসিং,1
চৌরাস্তাসহ,1
মিয়াসহ,1
দিছি,1
একটাকে,1
আজকেও,1
রাখছি,1
যেগুলা,1
শুনবে,1
সহিংস,1
নির্দেশের,1
নস্যাতের,1
যুবলীগকে,1
আগ্নেয়াস্ত্র,1
ক্যাডার,1
আক্রমণে,1
নির্দেশদাতা,1
ছিদ্দিকী,1
মাহিন,1
তরুয়াকে,1
গণি,1
রনি,1
আগ্রাসন,1
ধ্বংসলীলা,1
জামায়াতকে,1
মরণকামড়,1
সুশৃঙ্খল,1
লক্ষ্মীপুর,1
সাদ,1
আফনান,1
কাওসারকে,1
আঞ্জুম,1
কটাক্ষ,1
প্ররোচনায়,1
মহড়া,1
গুলিবর্ষণসহ,1
রুস্তম,1
ইকবালসহ,1
মাইনুলের,1
যুবলীগসহ,1
জমায়েতে,1
নামধারী,1
দলীয়ভাবে,1
বহিরাগত,1
রাজধানীসহ,1
বর্বর,1
ওয়ালী,1
ইনান,1
ক্যানটিনে,1
হিংসাত্মক,1
বিদ্বেষ,1
আসিফের,1
রয়টার্স,1
নভেম্বরে,1
ওয়াজেদকে,1
ছুটিতেই,1
অধিগ্রহণের,1
অধিকারী,1
আন্তরিকতার,1
চলেছেন,1
অসহনীয়,1
ডব্লিউএইচওকে,1
ভ্রমণসংক্রান্ত,1
ভুলের,1
অটিজম,1
ডক্টরেট,1
গেব্রেয়াসুসকে,1
ডিসেম্বরে,1
পরিচালকেরা,1
ককশিট,1
জন্মাচ্ছে,1
ভবনেও,1
অসম্পূর্ণ,1
সচেতনতায়,1
লাইভে,1
শঙ্কর,1
সাহার,1
সম্প্রচারিত,1
নানারকম,1
২৭টি,1
সঞ্চালকের,1
জন্মালে,1
মশায়,1
সেক্ষেত্রে,1
অ্যাপও,1
কীটতত্ত্ববিদদের,1
বোর্ডে,1
কীটতত্ত্ববিদসহ,1
সংশ্লিষ্টরা,1
পূর্ত,1
বহুতল,1
অমান্যকারী,1
ভুলত্রুটি,1
ভুলত্রুটিও,1
ঠিকানার,1
বিভাগও,1
করপোরেশনসহ,1
সংশ্লিষ্টদেরও,1
বাবুর্চির,1
লক্ষ্মীপুরের,1
ইউক্রেনের,1
যুদ্ধক্ষেত্রে,1
ক্যাম্পে,1
কাটছিল,1
আতঙ্কে,1
পালান,1
বছরগুলো,1
হারাচ্ছেন,1
বাংলাদেশিরাও,1
থামছে,1
বাহরাইনের,1
যথেষ্টসংখ্যক,1
রাশিয়ান,1
ফেডারেশনে,1
লেবাননের,1
বেশিসংখ্যক,1
অংশীদারত্বে,1
নব্বইয়ের,1
যুবাদের,1
ভাগ্য,1
মুদ্রা,1
আয়ে,1
যাওয়াকে,1
গুটিকয়েক,1
২০৩টি,1
৯৮টি,1
অনেকগুলোর,1
দেশকেন্দ্রিক,1
বাজারনির্ভরতা,1
ওমানে,1
আমিরাতে,1
বাহরাইনেও,1
বাড়তির,1
আমিরাতের,1
কলসেন্টারে,1
জুনেই,1
ফিরছেন,1
যুদ্ধক্ষেত্র,1
আকুতি,1
পাঠাচ্ছেন,1
ব্যাংককভিত্তিক,1
ফোর্টিফাই,1
ইউক্রেনভিত্তিক,1
হাউন্ডস,1
ইউক্রেন,1
প্রলোভনে,1
পৌঁছাচ্ছেন,1
প্রবাসীর,1
পরিবারও,1
পাচারবিরোধী,1
টিএইচবি,1
৫৩৬টি,1
৪২৭টি,1
থামানো,1
রিফিউজি,1
মাইগ্রেটরি,1
মুভমেন্ট,1
রামরু,1
৪৬৪টি,1
৪১৬টি,1
শ্রীলঙ্কায়,1
২৪৮টি,1
৯০০টির,1
২৫২টি,1
৬৪৬টি,1
নিয়মতান্ত্রিক,1
জমার,1
নিরসন,1
প্রাপ্তির,1
উদাসীনতা,1
নিয়োগপত্র,1
কর্মীরাই,1
কম্বোডিয়া,1
লিবিয়াসহ,1
ভ্রমণের,1
অনুমতিপত্র,1
এপ্রিলেই,1
বন্দিজীবন,1
ফেরে,1
হোটেলের,1
খুইয়ে,1
কোনোরকমে,1
মশিউরের,1
পাওনাদারদের,1
প্রেসক্লাবের,1
কাগজের,1
পরিপ্রেক্ষিতেই,1
রাজাকার,1
হতেন,1
বক্তব্যগুলো,1
বলানোর,1
অপরাধগুলো,1
মোহামেদ,1
নির্বাচনকে,1
প্রতিদ্বন্দ্বিতাপূর্ণ,1
অঙ্গীকারের,1
দিনগুলোয়,1
মালদ্বীপকে,1
সমৃদ্ধির,1
লিওনসহ,1
বেঙ্গালুরুতে,1
জনাগ্রহ,1
সিটিজেনশিপ,1
ডেমোক্রেসি,1
স্বাতী,1
সাইটটিতে,1
নথিভুক্ত,1
জনাগ্রহের,1
প্রভাবও,1
পদক্ষেপও,1
উগান্ডায়,1
অ্যাকশনএইড,1
সরকারসহ,1
লেনদেনের,1
অগ্রগতিও,1
ওয়েবসাইটটি,1
কেনিয়ায়,1
হাতারি,1
ক্রিশ্চিয়ান,1
মনিটরের,1
টেক্সট,1
মেসেজ,1
টুইটের,1
মানচিত্রে,1
লিওনেও,1
হটলাইনের,1
নাইজেরিয়াতেও,1
ইওরসেলফ,1
ওয়েবভিত্তিক,1
বাড়া,1
অভিজ্ঞতাগুলোয়,1
গণমাধ্যমগুলোর,1
এনডিটিভির,1
প্ল্যাটফর্মটির,1
সক্ষমতাও,1
শাহেদ,1
সাড়াও,1
দাবিকৃত,1
ওয়েবসাইটটিতে,1
অভিযোগকারীর,1
দুর্নীতিবিরোধী,1
খানা,1
প্ল্যাটফর্মকে,1
ইফতেখারুজ্জামানের,1
ইউরোপিয়ান,1
জার্নালে,1
নাইজেরিয়ার,1
সেবাগ্রহীতাদের,1
সর্তক,1
আগেভাগেই,1
প্রত্যাখান,1
সাইটটা,1
সেবাভিত্তিক,1
বিশ্বাসযোগ্যভাবে,1
মেলানো,1
জেলাভিত্তিক,1
কভারেজ,1
প্রজননের,1
মজুতকরণ,1
উন্নয়নসংক্রান্ত,1
ভিজিএফ,1
খাদ্যসহায়তা,1
ভোলাসহ,1
কঠোরভাবে,1
হটস্পটগুলোতে,1
লজিস্টিক,1
বরফকল,1
বাজারেও,1
মোহনাসহ,1
প্রজননক্ষেত্রে,1
অপসারণে,1
টুকু,1
ইলিশকে,1
জিআই,1
কনক,1
লতিফুল,1
প্রশাসকবৃন্দ,1
বিজিবির,1
প্রতিনিধিরাসহ,1
মৎস্যজীবী,1
প্রতিনিধিরাও,1
ইন্টারোগেশন,1
যেখান,1
মোটামুটি,1
তেঘরিয়া,1
ক্যাম্পাসের,1
নিহতরা,1
জুলিয়া,1
নেমেছিলেন,1
রইছ,1
পুকুরটিতে,1
অনুমতিতে,1
সহ্য,1
স্লুইসগেট,1
ইনার,1
রিং,1
ব্যাসের,1
সভাও,1
ওয়াসাকে,1
তাপস,1
খননে,1
নীতিমালাতেও,1
কাটলে,1
অপরিকল্পিত,1
খোঁড়াখুঁড়ি,1
ভেহিকুলার,1
ওভারপাস,1
উড়ালসড়ক,1
স্লুইসগেটসহ,1
ভৌত,1
পোস্তগোলা,1
নাব্য,1
নদীগুলো,1
বুড়িগঙ্গা,1
তুরাগ,1
শীতলক্ষ্যা,1
বালু,1
ধলেশ্বরী,1
সমন্বয়কের,1
বুড়িগঙ্গাসহ,1
নদীগুলোতে,1
প্রকল্পগুলোর,1
মহাপরিচালককে,1
বিআইডব্লিউটিএর,1
ইন্তেকাল,1
দীপা,1
নবনীতা,1
অরিক,1
শাহরিয়ারকে,1
প্যাট্রিস,1
লুমুম্বা,1
ফলিত,1
রসায়নে,1
শিক্ষাদান,1
উৎসর্গ,1
ছায়ানট,1
মিলনায়তন,1
জায়গাও,1
সংগীতসন্ধ্যা,1
বয়োজ্যেষ্ঠ,1
পরিবারসহ,1
মুগ্ধতা,1
শ্রোতারা,1
প্রবন্ধের,1
সংকলন,1
বিরতিতে,1
রবীন্দ্রনাথকে,1
সংস্কৃতিচর্চার,1
আনন্দধারা,1
আর্টস,1
ইউকের,1
আসনতলে,1
গেয়ে,1
বাজাও,1
আমারে,1
অধরা,1
মাধুরী,1
ধরেছি,1
ধ্বনি,1
ওগো,1
শেফালিবনের,1
বাজিল,1
কাহার,1
বীণা,1
অমল,1
ধবল,1
পালে,1
বড়ো,1
বেদনার,1
ভূগর্ভস্থ,1
পার্কিংয়ে,1
স্টল,1
গাফিলতির,1
সুশীল,1
রবিদাসকে,1
হুঁশিয়ারি,1
ধ্বংসের,1
যাঁরই,1
বিরুদ্ধেই,1
৫৪টি,1
কোর,1
মণিপুরিপাড়া,1
রাজাবাজার,1
লালমাটিয়া,1
আগারগাঁওসহ,1
লার্ভিসাইডিং,1
ছাদবাগান,1
মাইকিং,1
লিফলেট,1
অ্যাপভিত্তিক,1
রিপোর্টিং,1
হটস্পটের,1
ট্রিটমেন্ট,1
হোল্ডিং,1
এলআইইউপিসির,1
নির্মূলকে,1
সংস্কারকাজে,1
ধীরগতিও,1
দীর্ঘসূত্রতা,1
অ্যাভিনিউর,1
টাউন,1
পশ্চিমে,1
আড়াআড়িভাবে,1
কটিরই,1
বেহাল,1
গভীরতাও,1
তাজউদ্দীন,1
হেলে,1
জাতই,1
এইডা,1
সিএনজির,1
আটকাই,1
পইড়া,1
সাইলেন্সার,1
মাইর,1
জ্যামের,1
কতা,1
কইলামই,1
স্থানান্তরের,1
গোলচত্বরের,1
ডেনসো,1
পাটুরিয়া,1
রানিংয়ে,1
গাতা,1
গুতা,1
তহন,1
ঝাঁকি,1
যাত্রীরা,1
গালাগালি,1
স্টিয়ারিং,1
সাসপেনশনের,1
রিজেন্সির,1
বাসস্ট্যান্ডের,1
পর্যন্তও,1
সংযোগকারী,1
প্রকৌশলীদের,1
পাইপলাইন,1
ফুটপাতসংলগ্ন,1
সড়কও,1
ভাঙছে,1
শেখেরটেকের,1
সাদেক,1
গলির,1
ঢালাইয়ের,1
রডও,1
খিলক্ষেতের,1
নামাপাড়া,1
বাঁশতলা,1
ডুমনির,1
তালনি,1
কাজীবাড়ি,1
ছোলমাইদ,1
নুরেরচালা,1
পল্লবীর,1
দশা,1
বাসিন্দারা,1
কংক্রিট,1
জমছে,1
এলাকায়ও,1
অতীশ,1
দীপঙ্কর,1
মুগদা,1
বীরশ্রেষ্ঠ,1
সিপাহি,1
স্টেডিয়াম,1
সায়েদাবাদের,1
রাইদা,1
পাথর,1
আইনা,1
ফালাই,1
রাখসে,1
কাইটা,1
রাইখা,1
অলটাইম,1
জ্যাম,1
যাত্রীগো,1
কেটেছিল,1
বর্ষার,1
সবুজবাগের,1
মাদারটেক,1
নন্দীপাড়া,1
পোহাচ্ছেন,1
যানবাহনচালকেরা,1
প্রকৌশলীরা,1
খানাখন্দে,1
অংশও,1
বৌদ্ধমন্দির,1
স্থানেও,1
মালিবাগ,1
গ্রিনলাইন,1
রেলগেটের,1
খুঁটি,1
পুঁতে,1
বিপৎসংকেত,1
হাজীরবাগ,1
সড়কটিও,1
দুর্গন্ধযুক্ত,1
সূত্রাপুরের,1
রূপলাল,1
হাজী,1
মুরগিটোলা,1
ডিস্টিলারি,1
রোডেরও,1
নিউমার্কেটের,1
পিলখানা,1
কাদাপানি,1
কাঁটাবন,1
সিগন্যালের,1
ঢালাই,1
পরিবাগ,1
আউটার,1
সংস্কারে,1
জলাবদ্ধতার,1
পটহোল,1
অ্যাসফল্ট,1
সড়কগুলো,1
সড়ককে,1
প্রায়োগিক,1
ব্যাংকার,1
হিসাবসংক্রান্ত,1
এমবিএ,1
মাল্টিপারপাস,1
মূলভাব,1
শিখুন,1
আত্মবিশ্বাসের,1
কর্তন,1
টিডিএস,1
অগ্রিম,1
এআইটি,1
জ্ঞানের,1
ভারসাম্যের,1
কর্মকাণ্ডকে,1
করদাতাদের,1
শেখানোই,1
করদাতা,1
ফাঁকি,1
পেশাজীবীকে,1
মুসতবা,1
মধ্যযুগীয়,1
মরমি,1
মানবতাবাদী,1
একাডেমির,1
৫টায়,1
ত্রিবেদীর,1
মঙ্গলপ্রদীপ,1
প্রজ্বালনের,1
অসাম্প্রদায়িক,1
মুসলমান,1
বৌদ্ধ,1
খ্রিষ্টান,1
দর্শনেও,1
জাতপাতের,1
কথার,1
ভগবান,1
অন্তরে,1
অশান্ত,1
লাইটহাউসের,1
করোনাভাইরাস,1
ভ্যাকসিনও,1
জ্বালিয়ে,1
ঝড়,1
সৃষ্টিকারীদের,1
অযথা,1
তর্কে,1
সাহসের,1
কবীরপন্থী,1
রবিদাসপন্থী,1
নানকপন্থী,1
মিউজিক্যাল,1
মিশনের,1
বিশ্বসংঘের,1
উৎসবটি,1
শ্রীমঙ্গলে,1
কীটনাশকও,1
কার্যাদেশ,1
লাগায়,1
পাঠাতেও,1
মেলাথিয়নের,1
কীটনাশকই,1
পালাক্রমে,1
মফিজুল,1
ভাতের,1
পার্কিংয়ের,1
ওয়াইজঘাট,1
কাভার্ড,1
ট্রান্সপোর্ট,1
১৫৮টি,1
মালামাল,1
নামানোর,1
দখলের,1
টহল,1
খসরুর,1
অ্যালিকো,1
ডিআইটি,1
গুলিস্তানগামী,1
বাসকে,1
প্রেসক্লাব,1
রাস্তায়ও,1
অভিমুখে,1
ফ্লাইওভার,1
গাড়িগুলোকে,1
বাঁয়ে,1
ফুলবাড়িয়া,1
ফকিরাপুল,1
ইত্তেফাক,1
গাড়িচালকদের,1
অধিবেশনকে,1
বহনেও,1
অস্ত্রশস্ত্র,1
বিস্ফোরকদ্রব্য,1
দূষণীয়,1
প্রদর্শনও,1
সার্ক,1
ফোয়ারা,1
পান্থপথের,1
সংযোগস্থল,1
এলাকাও,1
গলিপথও,1
বলবৎ,1
সুগন্ধ,1
পাখার,1
টানে,1
এডিসসহ,1
ব্যাকটেরিয়াভিত্তিক,1
কামান,1
উচ্চক্ষমতার,1
হুইলব্যারো,1
যন্ত্রও,1
গ্র্যাভিড,1
বন্ধ্যা,1
ক্ষমতাহীন,1
কিউলেক্স,1
ফাঁদটিতে,1
লিওর,1
সুগন্ধি,1
ত্বকের,1
অনুকরণ,1
ল্যাকটিক,1
অ্যামোনিয়া,1
ফ্যাটি,1
অ্যাসিডের,1
উপাদানের,1
গন্ধ,1
ড্রাই,1
আইস,1
সিলিন্ডারের,1
ডাই,1
অক্সাইড,1
ফাঁদটির,1
নকশাও,1
তাপ,1
বায়ুপ্রবাহের,1
সাদা,1
জালিদার,1
প্রবেশপথটি,1
দৃষ্টিগত,1
উড়ে,1
সাকশন,1
পাখা,1
মশাগুলো,1
নেট,1
ব্যাগে,1
শাটার,1
হাসপাতালকে,1
কামড়ানো,1
কামড়ে,1
ডেডিকেটেড,1
কোভিড,1
মনসুর,1
আলোক,1
সেগুলোয়,1
এটুকুই,1
নিয়ন্ত্রণমূলক,1
বায়োজেন্টস,1
শুল্কসহ,1
লিওরের,1
উদাহরণও,1
থিংক,1
ল্যাবসের,1
নিয়ন্ত্রণেও,1
একাধিকভাবে,1
কার্যকারিতার,1
টিনের,1
ছাউনির,1
সংযোগের,1
সুযোগও,1
পাতিলে,1
বসাবেন,1
রানতেই,1
শিরিনের,1
কচুমুখি,1
রান্নাও,1
বাকিদের,1
বাসাবাড়ির,1
আস্তেধীরে,1
রানদি,1
কামে,1
মাইয়াগো,1
চাইরটা,1
উইঠা,1
রানদা,1
চুলাই,1
থাহে,1
পাকে,1
রান্নায়,1
স্টেশনগুলোতেও,1
গাড়িচালকেরা,1
লোডশেডিংয়ে,1
ঘরেও,1
দেড়টার,1
জ্বালানো,1
অভ্যাসও,1
ছেলেও,1
স্টেশনগুলোতে,1
সিরামিকস,1
রিফুয়েলিং,1
কনভারশন,1
ডিসপেনসার,1
ভরতে,1
ডিসপেনসারিতে,1
এতক্ষণ,1
হাওয়া,1
যাত্রীবাহী,1
বাসের,1
ভোগান্তিও,1
লিংকের,1
ঢুকত,1
রিস্ক,1
করুম,1
যন্ত্রণা,1
রোজগার,1
ছয়টা,1
ট্রিপ,1
মিনারভা,1
আরিয়া,1
৪৩টি,1
দিকেও,1
যোগদানপত্র,1
অসাধারণ,1
পরিমণ্ডলে,1
দৃশ্যমানতা,1
সাইটেশন,1
গবেষককে,1
প্রক্টর,1
ইন্ডাস্ট্রির,1
ইন্ডাস্ট্রি,1
একাডেমিয়া,1
নেটওয়ার্কিং,1
তথ্যবিজ্ঞান,1
সাইটেশনের,1
তথ্যসূত্র,1
বদলিপূর্বক,1
পদমর্যাদায়,1
তাকসিম,1
জ্যেষ্ঠতম,1
ব্যাপারীকে,1
বাছাইপ্রক্রিয়া,1
মনিরুজ্জামানকে,1
ব্যাপারী,1
দাঙ্গার,1
সুর,1
গানই,1
ধ্বনিত,1
মিনারে,1
শতবর্ষ,1
গণসঙ্গীত,1
আবৃত্তিসহ,1
কৃষ্ণনগরে,1
সম্মিলনীতে,1
বঙ্গবাণী,1
অধিবেশনেও,1
কালি,1
কলম,1
স্বরলিপি,1
মিনারের,1
ভট্টাচার্যকে,1
দ্রোহের,1
সুকান্তের,1
প্রতিবাদী,1
স্বদেশ,1
পরিবেশনাও,1
মানজার,1
সুইট,1
অসহিষ্ণুতার,1
কানেকটিভিটিই,1
টেলিকমিউনিটি,1
এপিটি,1
ওয়্যারলেস,1
৩৭তম,1
স্পেকট্রাম,1
টাওয়ার,1
ফাইবার,1
অপটিক,1
নির্ভরযোগ্যতা,1
জিসহ,1
শতাব্দীপ্রাচীন,1
শাসকেরা,1
ব্রিটিশরা,1
পশ্চিমবঙ্গ,1
কলকাতা,1
ঢাকাকে,1
নবগঠিত,1
কর্মযজ্ঞ,1
ইতিহাসবিদ,1
মুনতাসির,1
মামুনের,1
এশিয়াটিক,1
বঙ্গভঙ্গের,1
দিলকুশায়,1
বাগানে,1
বাগানবাড়ির,1
বাসভবনের,1
আগ,1
অবধি,1
মুখ্যমন্ত্রী,1
মন্ত্রীদের,1
গভর্নরকে,1
দিলকুশার,1
হাউসটি,1
গ্রন্থে,1
সেগুন,1
মেঝের,1
মেঝে,1
টিম্বার,1
প্যালেস,1
রাজপ্রসাদ,1
ঘূর্ণিঝড়ে,1
প্রাসাদটি,1
লাহোর,1
চিশতিকে,1
আজম,1
চিশতি,1
স্থাপত্যশৈলীকে,1
স্থপতির,1
বর্গফুটের,1
প্রাসাদে,1
শোবার,1
ভবনটিকে,1
আবাস,1
চিত্রকর্ম,1
অভ্যন্তরকে,1
কদমতলীতে,1
জনির,1
তোতা,1
অটোরিকশাচালক,1
নবারুণ,1
নামা,1
পাঁচটার,1
জনিকে,1
কারের,1
ধাক্কায়,1
মধ্যপাড়ার,1
বিশ্বরোড,1
সরণিতে,1
মোটরসাইকেলটিতে,1
ছিটকে,1
অর্থোপেডিক,1
পুনর্বাসন,1
পঙ্গু,1
তিনটার,1
সাজ্জাদকে,1
ক্যাম্পের,1
গাজি,1
সাজ্জাদদের,1
সকালেই,1
গাড়িচাপায়,1
শামীমের,1
বেড়া,1
পাইখন্দ,1
বারাদিয়া,1
ঢাকনা,1
ঘটনাস্থলের,1
বাহাদুর,1
কেউবা,1
জীবিকার,1
তাগিদে,1
শনি,1
শিক্ষালয়ের,1
খাবারও,1
তাঁদেরই,1
লিখন,1
শেখানোর,1
ইরফান,1
পৃষ্ঠপোষক,1
পথশিশুদের,1
এনডিসি,1
সপ্তাহব্যাপী,1
ফেলোদের,1
সনদপত্র,1
উচ্চপদস্থ,1
কমান্ড্যান্ট,1
ফয়জুর,1
বিষয়গুলোয়,1
কোর্সটি,1
চিন্তাধারার,1
আন্তবিভাগীয়,1
উন্নয়নবিষয়ক,1
এনডিসির,1
অনুষদবৃন্দ,1
নির্বিঘ্ন,1
বিইউবিটি,1
লইয়ার্স,1
বুলা,1
নামানো,1
লোডিং,1
আনলোডিং,1
বর্জ্যের,1
দুর্গন্ধে,1
অস্বাস্থ্যকর,1
পরিবেশদূষণের,1
যানজটের,1
এলাকাটি,1
চলাচলযোগ্য,1
ফুটপাতকে,1
স্তূপীকরণ,1
ভাগাড়,1
বাসযোগ্য,1
হোসেনকেও,1
হারুনকে,1
সহজীকরণে,1
বিনিয়োগসংশ্লিষ্ট,1
সাধনে,1
৬১টি,1
লালবাগে,1
ওয়ারীতে,1
মতিঝিলে,1
তেজগাঁওয়ে,1
উত্তরায়,1
পূর্বঘোষণা,1
স্বরাষ্ট্রমন্ত্রীর,1
অবকাঠামোগত,1
দায়িত্বরত,1
অফিসারের,1
হাজতখানা,1
আবাসন,1
ডাইনিং,1
আবাসনব্যবস্থা,1
রাত্রিকালীন,1
শিফটিং,1
ডিউটির,1
কর্মকর্তাসহ,1
ভরসাস্থল,1
নির্ভয়ে,1
স্বতঃস্ফূর্তভাবে,1
চটকদার,1
হুমড়ি,1
বিক্রয়কেন্দ্রটির,1
মালিকপক্ষের,1
বিক্রয়কেন্দ্র,1
একশ্রেণির,1
বাসির,1
হুড়মুড়,1
লুটপাটের,1
শর্তাবলি,1
ঘণ্টাখানেক,1
আউটলেটটি,1
ক্যাশব্যাক,1
জুতাসহ,1
খেলায়,1
সহস্রাধিক,1
চাঁনখারপুলের,1
পাল,1
গাঙ্গুলী,1
ড্রয়িং,1
পেইন্টিং,1
সুনামগঞ্জের,1
তাহিরপুরে,1
রেবু,1
একাই,1
কক্ষের,1
সাড়াশব্দ,1
ঢোকেন,1
ঝোলানোর,1
রডের,1
গামছা,1
পেঁচিয়ে,1
পাতালপথে,1
উড়ালপথের,1
ডিপো,1
আমলেই,1
বসুনিয়ার,1
বসুনিয়া,1
ভারতও,1
ইস্পাত,1
সামগ্রীর,1
আপৎকালীন,1
রেল,1
নতুবা,1
কাটছাঁট,1
অঙ্কে,1
কিলোমিটারের,1
পাতালপথের,1
হাঁকায়,1
অসম্ভব,1
মূল্যবৃদ্ধিসহ,1
আকাশচুম্বী,1
তাজুরা,1
ইচ্ছুক,1
অনিয়মিত,1
প্রত্যাবাসন,1
বুরাক,1
হযরত,1
সমুদ্রপথে,1
আইওএমের,1
বিভীষিকাময়,1
প্রতিবেশীদের,1
প্রতে,1
খাদ্যসামগ্রী,1
বাসস্থানের,1
আটককেন্দ্রে,1
ত্রিপোলিতে,1
কর্ম,1
পরিত্যাগের,1
গণভবনকে,1
১৮৫টি,1
সেনাবাহিনীতে,1
আত্মীয়রা,1
ফিনা,1
নূতন,1
সংগীতশিল্পী,1
সাজিয়া,1
প্রতিষ্ঠাবার্ষিকীতে,1
নারীদেরও,1
সম্মাননাপ্রাপ্তদের,1
ক্রেস্ট,1
ফুল,1
নারীনেত্রী,1
নারীরাও,1
লালনপালনসহ,1
নির্যাতনসহ,1
মনমানসিকতা,1
সুব্রত,1
চাচ্ছেন,1
ট্রল,1
সংগ্রামে,1
পুরুষেরা,1
পথটা,1
স্বর্ণলতা,1
দেবনাথ,1
সম্মাননাপ্রাপ্তরা,1
গল্পগুলো,1
মিস্ত্রির,1
চেয়ারম্যানবাড়ি,1
জাহাঙ্গীরের,1
সজল,1
অসাবধানতাবশত,1
শিকদারের,1
রাজৈর,1
আমগ্রাম,1
এসকেন্দার,1
টেপ,1
পরনে,1
ইউনিফর্মের,1
লুঙ্গি,1
এক্সপ্রেসওয়েতে,1
শ্বাসরোধে,1
উদ্ঘাটনের,1
কভারেজের,1
ডাম্প,1
ট্যুরিজমের,1
এমওইউ,1
খৈয়াম,1
অন্তর্ভুক্তিমূলক,1
ওতপ্রোতভাবে,1
উচ্চতায়,1
খৈয়ম,1
যাত্রীদের,1
স্থাপনাগুলোকে,1
পর্যটনকেন্দ্রিক,1
৫৫৪টি,1
উন্নয়নমূলক,1
কানিজ,1
মওলা,1
আখতারসহ,1
প্রতিবেদনসহ,1
প্রকল্পসংক্রান্ত,1
পরিবেশবিদ,1
পানিসম্পদবিষয়ক,1
আয়োজনেরও,1
সিরডাপ,1
কতিপয়,1
বাপা,1
বেন,1
পানিসংকট,1
পানিপ্রবাহ,1
নদীকে,1
লবণাক্ততা,1
শুষ্ক,1
কিউমেক,1
সঞ্চিত,1
ভাটি,1
উজান,1
ভাটির,1
অনুপাতে,1
পোল্ডার,1
সমুদ্রের,1
অগভীর,1
ঘেরা,1
বেড়িবাঁধ,1
প্রক্ষেপণ,1
সেটিকেও,1
প্রসঙ্গও,1
উপস্থাপিত,1
তথ্যকে,1
লিখিতভাবে,1
লুকোচুরি,1
ধান,1
পলিবাহী,1
সমালোচনাগুলো,1
পরিবেশসহ,1
সিরাজুল,1
পদ্মায়,1
পরিবেশবিদদের,1
গুরুত্বও,1
ভূতত্ত্ববিদ,1
আহাদ,1
রিভারাইন,1
পিপলের,1
রোকন,1
বেনের,1
খালেকুজ্জামান,1
স্ক্রলিং,1
ভরপুর,1
মেহমান,1
দেখলেন,1
মিলবে,1
অনলাইনবাজারেও,1
কমিউনিকেশন,1
রাইসুল,1
গ্যাসলাইনে,1
জ্বলছে,1
পরিস্থিতিকেই,1
লাগাচ্ছেন,1
যন্ত্রকে,1
পাম্প,1
গ্যাসে,1
প্রথমেই,1
১৫০টি,1
বনানীসহ,1
যন্ত্রটি,1
পুরোনোটি,1
কুরিয়ারে,1
আগুনের,1
অভিজ্ঞতাও,1
ওয়ারেন্টির,1
মডেলও,1
কম্প্রসারগুলো,1
ঝামেলায়,1
ব্যবহারকারীকে,1
যন্ত্রটির,1
ভোল্টেজ,1
যন্ত্রের,1
নিয়মাবলিতে,1
আটটা,1
তিনজনই,1
হারিয়েছেন,1
জরিপের,1
ছিটিয়ে,1
নিবিড়ভাবে,1
নগরবাসীর,1
পাত্রে,1
মশামুক্ত,1
কাইল্লার,1
বস্তি,1
গেঞ্জি,1
ওয়াপদা,1
বিল্ডিং,1
বেনারসিপল্লি,1
পিঠের,1
ছুরিকাঘাত,1
ছিনতাইকারীদের,1
মন্তব,1
মাদকদ্রব্যের,1
চালাচ্ছি,1
পরিচ্ছন্নতায়,1
ফাঁকফোকর,1
বিপ্লবের,1
যেখানেই,1
অবিচারের,1
গালি,1
ওউন,1
সুশৃঙ্খলভাবে,1
মাদকাসক্তির,1
ভয়াবহতা,1
মাদকে,1
খেসারত,1
বাবাকেই,1
শান্তিময়,1
পুঁথিগত,1
চালকেরাও,1
জেব্রা,1
আহমদসহ,1
নিমগাছ,1
বীরত্বপূর্ণভাবে,1
ছাত্রশক্তি,1
পাকিস্তানপন্থী,1
রাজনীতিকে,1
অপচেষ্টা,1
নির্ভীক,1
স্মৃতিস্তম্ভ,1
টানিয়ে,1
ভূখণ্ডের,1
ঐতিহ্যের,1
ক্যানটিনকে,1
শহীদকে,1
ভাস্কর্যের,1
মধুদাও,1
ভাস্কর্যও,1
নিদর্শন,1
ঐতিহ্যকে,1
স্মৃতিস্তম্ভে,1
মোমবাতি,1
প্রজ্বালন,1
তীর,1
হারা,1
ঢেউয়ের,1
দিব,1
রে,1
সোপান,1
তলে,1
বাকের,1
রাইয়ান,1
ফেরদৌসসহ,1
পারভিনের,1
সন্দেহভাজনসহ,1
অ্যাকশন,1
মোটরসাইকেলটি,1
সন্দেভাজনের,1
পনি,1
প্যারা,1
পনির,1
বছিলায়,1
নয়মুল,1
কল্যাণপুর,1
আসতেই,1
বাগবাড়ী,1
তরফসরতাজ,1
নিউমার্কেট,1
ইয়াকুবিয়া,1
তাকিয়া,1
রাইসা,1
৩৮টি,1
ওয়ারী,1
৩৪টি,1
জিডিও,1
আরাফ,1
ওয়াশের,1
মতিঝিলের,1
নটর,1
ডেম,1
আইয়ব,1
বার্ন,1
সার্জারি,1
জাউলাহাটি,1
প্রাণেশ্বর,1
